date.time,flex.hydro.node1,flex.hydro.node2,flex.hydro.node3,flex.hydro.node4
1/1/07,9284.617898,8306.523012,0,0
1/2/07,9310.652179,8328.556244,0,0
1/3/07,9333.171657,8346.973842,0,0
1/4/07,9352.176328,8361.775806,0,0
1/5/07,9367.666195,8372.962137,0,0
1/6/07,9379.641257,8380.532835,0,0
1/7/07,9388.101514,8384.4879,0,0
1/8/07,9393.046965,8384.827331,0,0
1/9/07,9394.477612,8381.551128,0,0
1/10/07,9392.393452,8374.659293,0,0
1/11/07,9386.794488,8364.151824,0,0
1/12/07,9377.680718,8350.028721,0,0
1/13/07,9365.052146,8332.289986,0,0
1/14/07,9348.908766,8310.935617,0,0
1/15/07,9329.250581,8285.965615,0,0
1/16/07,9306.077592,8257.379979,0,0
1/17/07,9279.389797,8225.17871,0,0
1/18/07,9249.187198,8189.361808,0,0
1/19/07,9215.469792,8149.929272,0,0
1/20/07,9178.237583,8106.881103,0,0
1/21/07,9137.490569,8060.217301,0,0
1/22/07,9093.228749,8009.937865,0,0
1/23/07,9045.452123,7956.042795,0,0
1/24/07,8994.160694,7898.532093,0,0
1/25/07,8939.354459,7837.405757,0,0
1/26/07,8881.033418,7772.663789,0,0
1/27/07,8819.197573,7704.306186,0,0
1/28/07,8753.846921,7632.332951,0,0
1/29/07,8684.981466,7556.744081,0,0
1/30/07,8612.601204,7477.539578,0,0
1/31/07,8536.706138,7394.719443,0,0
2/1/07,8458.404691,7309.359748,0,0
2/2/07,8384.3474,7227.916941,0,0
2/3/07,8315.642684,7151.467097,0,0
2/4/07,8252.290548,7080.010215,0,0
2/5/07,8194.290991,7013.546296,0,0
2/6/07,8141.644012,6952.075338,0,0
2/7/07,8094.349613,6895.597345,0,0
2/8/07,8052.407791,6844.112313,0,0
2/9/07,8015.818546,6797.620243,0,0
2/10/07,7984.581881,6756.121136,0,0
2/11/07,7958.697796,6719.614991,0,0
2/12/07,7938.166288,6688.101808,0,0
2/13/07,7922.987358,6661.58159,0,0
2/14/07,7913.161007,6640.054332,0,0
2/15/07,7908.687234,6623.520037,0,0
2/16/07,7909.56604,6611.978705,0,0
2/17/07,7915.797424,6605.430335,0,0
2/18/07,7927.381388,6603.874928,0,0
2/19/07,7944.317928,6607.312483,0,0
2/20/07,7966.607047,6615.743,0,0
2/21/07,7994.248745,6629.166479,0,0
2/22/07,8027.243021,6647.582922,0,0
2/23/07,8065.589876,6670.992327,0,0
2/24/07,8109.289309,6699.394694,0,0
2/25/07,8158.341322,6732.790024,0,0
2/26/07,8212.745912,6771.178316,0,0
2/27/07,8272.50308,6814.559571,0,0
2/28/07,8337.612828,6862.933788,0,0
3/1/07,8406.831492,6915.312636,0,0
3/2/07,8472.697095,6965.766128,0,0
3/3/07,8533.965978,7013.305932,0,0
3/4/07,8590.638137,7057.932048,0,0
3/5/07,8642.713577,7099.644475,0,0
3/6/07,8690.192295,7138.443215,0,0
3/7/07,8733.074291,7174.328267,0,0
3/8/07,8771.359565,7207.29963,0,0
3/9/07,8805.048117,7237.357306,0,0
3/10/07,8834.139947,7264.501295,0,0
3/11/07,8858.635057,7288.731594,0,0
3/12/07,8878.533447,7310.048207,0,0
3/13/07,8893.835112,7328.451131,0,0
3/14/07,8904.540057,7343.940367,0,0
3/15/07,8910.64828,7356.515915,0,0
3/16/07,8912.159783,7366.177776,0,0
3/17/07,8909.074561,7372.925948,0,0
3/18/07,8901.39262,7376.760433,0,0
3/19/07,8889.113956,7377.68123,0,0
3/20/07,8872.238571,7375.688338,0,0
3/21/07,8850.766466,7370.781759,0,0
3/22/07,8824.697636,7362.961491,0,0
3/23/07,8794.032088,7352.227536,0,0
3/24/07,8758.769816,7338.579892,0,0
3/25/07,8718.910824,7322.018562,0,0
3/26/07,8674.455109,7302.543543,0,0
3/27/07,8625.402672,7280.154836,0,0
3/28/07,8571.753514,7254.85244,0,0
3/29/07,8513.507635,7226.636357,0,0
3/30/07,8450.665035,7195.506587,0,0
3/31/07,8383.225711,7161.463127,0,0
4/1/07,8312.240109,7125.178851,0,0
4/2/07,8244.010874,7090.690982,0,0
4/3/07,8179.588445,7058.672391,0,0
4/4/07,8118.972828,7029.123076,0,0
4/5/07,8062.164019,7002.043039,0,0
4/6/07,8009.162017,6977.43228,0,0
4/7/07,7959.966825,6955.290798,0,0
4/8/07,7914.578442,6935.618594,0,0
4/9/07,7872.996869,6918.415666,0,0
4/10/07,7835.222102,6903.682018,0,0
4/11/07,7801.254145,6891.417645,0,0
4/12/07,7771.092996,6881.622551,0,0
4/13/07,7744.738657,6874.296734,0,0
4/14/07,7722.191127,6869.440195,0,0
4/15/07,7703.450403,6867.052932,0,0
4/16/07,7688.516489,6867.134948,0,0
4/17/07,7677.389384,6869.686241,0,0
4/18/07,7670.069088,6874.706812,0,0
4/19/07,7666.555601,6882.19666,0,0
4/20/07,7666.848922,6892.155785,0,0
4/21/07,7670.949053,6904.584188,0,0
4/22/07,7678.855991,6919.481868,0,0
4/23/07,7690.569738,6936.848827,0,0
4/24/07,7706.090294,6956.685063,0,0
4/25/07,7725.417658,6978.990575,0,0
4/26/07,7748.551831,7003.765365,0,0
4/27/07,7775.492815,7031.009434,0,0
4/28/07,7806.240606,7060.722779,0,0
4/29/07,7840.795205,7092.905402,0,0
4/30/07,7879.156612,7127.557302,0,0
5/1/07,7920.506071,7163.792761,0,0
5/2/07,7959.931023,7196.297464,0,0
5/3/07,7996.61271,7224.185694,0,0
5/4/07,8030.551132,7247.457448,0,0
5/5/07,8061.74629,7266.112728,0,0
5/6/07,8090.198183,7280.151534,0,0
5/7/07,8115.906811,7289.573865,0,0
5/8/07,8138.872175,7294.379722,0,0
5/9/07,8159.094273,7294.569103,0,0
5/10/07,8176.573108,7290.142012,0,0
5/11/07,8191.308678,7281.098444,0,0
5/12/07,8203.300982,7267.438404,0,0
5/13/07,8212.550022,7249.161888,0,0
5/14/07,8219.055796,7226.268898,0,0
5/15/07,8222.818307,7198.759434,0,0
5/16/07,8223.837552,7166.633494,0,0
5/17/07,8222.113534,7129.891081,0,0
5/18/07,8217.64625,7088.532193,0,0
5/19/07,8210.4357,7042.556831,0,0
5/20/07,8200.481887,6991.964994,0,0
5/21/07,8187.784808,6936.756682,0,0
5/22/07,8172.344465,6876.931897,0,0
5/23/07,8154.160859,6812.490637,0,0
5/24/07,8133.233986,6743.432902,0,0
5/25/07,8109.563848,6669.758693,0,0
5/26/07,8083.150446,6591.46801,0,0
5/27/07,8053.99378,6508.560852,0,0
5/28/07,8022.093849,6421.037219,0,0
5/29/07,7987.450652,6328.897112,0,0
5/30/07,7950.06419,6232.140531,0,0
5/31/07,7909.934466,6130.767475,0,0
6/1/07,7867.509796,6025.83354,0,0
6/2/07,7825.480122,5923.672304,0,0
6/3/07,7784.293763,5825.339363,0,0
6/4/07,7743.950718,5730.834715,0,0
6/5/07,7704.450991,5640.158361,0,0
6/6/07,7665.794578,5553.310302,0,0
6/7/07,7627.98148,5470.290537,0,0
6/8/07,7591.011698,5391.099066,0,0
6/9/07,7554.885234,5315.735889,0,0
6/10/07,7519.602082,5244.201007,0,0
6/11/07,7485.162247,5176.494419,0,0
6/12/07,7451.565728,5112.616125,0,0
6/13/07,7418.812525,5052.566125,0,0
6/14/07,7386.902637,4996.34442,0,0
6/15/07,7355.836065,4943.951008,0,0
6/16/07,7325.612807,4895.385891,0,0
6/17/07,7296.232865,4850.649068,0,0
6/18/07,7267.696239,4809.740539,0,0
6/19/07,7240.00293,4772.660304,0,0
6/20/07,7213.152934,4739.408365,0,0
6/21/07,7187.146257,4709.984718,0,0
6/22/07,7161.982892,4684.389366,0,0
6/23/07,7137.662845,4662.622309,0,0
6/24/07,7114.186112,4644.683545,0,0
6/25/07,7091.552697,4630.573076,0,0
6/26/07,7069.762595,4620.290901,0,0
6/27/07,7048.81581,4613.83702,0,0
6/28/07,7028.712338,4611.211433,0,0
6/29/07,7009.452184,4612.414141,0,0
6/30/07,6991.035345,4617.445143,0,0
7/1/07,6973.461249,4625.771863,0,0
7/2/07,6956.726446,4634.198846,0,0
7/3/07,6940.830366,4642.193516,0,0
7/4/07,6925.773006,4649.755873,0,0
7/5/07,6911.554367,4656.885918,0,0
7/6/07,6898.174449,4663.583648,0,0
7/7/07,6885.633253,4669.849066,0,0
7/8/07,6873.930778,4675.682171,0,0
7/9/07,6863.067024,4681.082964,0,0
7/10/07,6853.041992,4686.051443,0,0
7/11/07,6843.85568,4690.587609,0,0
7/12/07,6835.50809,4694.691462,0,0
7/13/07,6827.999221,4698.363002,0,0
7/14/07,6821.329074,4701.60223,0,0
7/15/07,6815.497646,4704.409144,0,0
7/16/07,6810.504941,4706.783745,0,0
7/17/07,6806.350957,4708.726033,0,0
7/18/07,6803.035693,4710.236009,0,0
7/19/07,6800.559151,4711.313671,0,0
7/20/07,6798.921331,4711.959021,0,0
7/21/07,6798.122232,4712.172057,0,0
7/22/07,6798.161854,4711.95278,0,0
7/23/07,6799.040196,4711.30119,0,0
7/24/07,6800.757262,4710.217288,0,0
7/25/07,6803.313046,4708.701073,0,0
7/26/07,6806.707553,4706.752543,0,0
7/27/07,6810.94078,4704.371702,0,0
7/28/07,6816.012728,4701.558548,0,0
7/29/07,6821.923398,4698.31308,0,0
7/30/07,6828.67279,4694.635299,0,0
7/31/07,6836.260903,4690.525206,0,0
8/1/07,6844.519163,4685.998179,0,0
8/2/07,6852.436129,4681.14649,0,0
8/3/07,6859.843229,4675.985521,0,0
8/4/07,6866.740465,4670.515269,0,0
8/5/07,6873.127831,4664.735737,0,0
8/6/07,6879.005331,4658.646922,0,0
8/7/07,6884.372967,4652.248827,0,0
8/8/07,6889.230734,4645.541449,0,0
8/9/07,6893.578637,4638.524791,0,0
8/10/07,6897.416671,4631.19885,0,0
8/11/07,6900.744839,4623.563628,0,0
8/12/07,6903.563142,4615.619125,0,0
8/13/07,6905.871576,4607.365339,0,0
8/14/07,6907.670145,4598.802272,0,0
8/15/07,6908.958848,4589.929925,0,0
8/16/07,6909.737683,4580.748295,0,0
8/17/07,6910.006652,4571.257383,0,0
8/18/07,6909.765755,4561.45719,0,0
8/19/07,6909.014991,4551.347715,0,0
8/20/07,6907.754361,4540.92896,0,0
8/21/07,6905.983863,4530.200922,0,0
8/22/07,6903.703501,4519.163603,0,0
8/23/07,6900.91327,4507.817002,0,0
8/24/07,6897.613173,4496.16112,0,0
8/25/07,6893.80321,4484.195956,0,0
8/26/07,6889.483381,4471.92151,0,0
8/27/07,6884.653684,4459.337783,0,0
8/28/07,6879.314122,4446.444775,0,0
8/29/07,6873.464691,4433.242485,0,0
8/30/07,6867.105397,4419.730913,0,0
8/31/07,6860.236234,4405.91006,0,0
9/1/07,6852.890314,4391.89686,0,0
9/2/07,6845.266288,4378.392922,0,0
9/3/07,6837.397265,4365.515178,0,0
9/4/07,6829.283246,4353.26363,0,0
9/5/07,6820.924229,4341.638278,0,0
9/6/07,6812.320217,4330.639123,0,0
9/7/07,6803.471205,4320.266162,0,0
9/8/07,6794.3772,4310.519397,0,0
9/9/07,6785.038194,4301.398828,0,0
9/10/07,6775.454196,4292.904455,0,0
9/11/07,6765.625197,4285.036278,0,0
9/12/07,6755.551202,4277.794296,0,0
9/13/07,6745.23221,4271.17851,0,0
9/14/07,6734.668222,4265.18892,0,0
9/15/07,6723.859237,4259.825526,0,0
9/16/07,6712.805255,4255.088327,0,0
9/17/07,6701.506276,4250.977323,0,0
9/18/07,6689.9623,4247.492516,0,0
9/19/07,6678.173328,4244.633905,0,0
9/20/07,6666.139358,4242.401489,0,0
9/21/07,6653.860393,4240.795269,0,0
9/22/07,6641.336427,4239.815244,0,0
9/23/07,6628.567467,4239.461416,0,0
9/24/07,6615.55351,4239.733783,0,0
9/25/07,6602.294555,4240.632345,0,0
9/26/07,6588.790605,4242.157104,0,0
9/27/07,6575.041657,4244.308058,0,0
9/28/07,6561.047713,4247.085208,0,0
9/29/07,6546.808771,4250.488554,0,0
9/30/07,6532.324833,4254.518096,0,0
10/1/07,6517.899771,4259.294033,0,0
10/2/07,6505.356825,4265.537565,0,0
10/3/07,6494.999868,4273.368892,0,0
10/4/07,6486.828901,4282.788014,0,0
10/5/07,6480.843925,4293.794932,0,0
10/6/07,6477.044937,4306.389644,0,0
10/7/07,6475.431938,4320.572151,0,0
10/8/07,6476.004931,4336.342454,0,0
10/9/07,6478.763911,4353.70055,0,0
10/10/07,6483.708883,4372.646443,0,0
10/11/07,6490.839843,4393.18013,0,0
10/12/07,6500.156792,4415.301612,0,0
10/13/07,6511.659732,4439.010889,0,0
10/14/07,6525.34866,4464.307961,0,0
10/15/07,6541.223579,4491.192829,0,0
10/16/07,6559.284487,4519.66549,0,0
10/17/07,6579.531385,4549.725947,0,0
10/18/07,6601.964272,4581.3742,0,0
10/19/07,6626.583149,4614.610247,0,0
10/20/07,6653.388016,4649.434089,0,0
10/21/07,6682.378871,4685.845726,0,0
10/22/07,6713.555717,4723.845158,0,0
10/23/07,6746.918552,4763.432385,0,0
10/24/07,6782.467376,4804.607408,0,0
10/25/07,6820.20219,4847.370225,0,0
10/26/07,6860.122993,4891.720837,0,0
10/27/07,6902.229787,4937.659244,0,0
10/28/07,6946.522571,4985.185446,0,0
10/29/07,6993.001342,5034.299443,0,0
10/30/07,7041.666104,5085.001236,0,0
10/31/07,7092.516856,5137.290822,0,0
11/1/07,7144.96839,5190.743463,0,0
11/2/07,7195.509479,5242.810718,0,0
11/3/07,7243.554912,5293.067845,0,0
11/4/07,7289.104692,5341.514843,0,0
11/5/07,7332.158817,5388.151712,0,0
11/6/07,7372.717289,5432.978455,0,0
11/7/07,7410.780107,5475.995069,0,0
11/8/07,7446.347268,5517.201556,0,0
11/9/07,7479.41878,5556.597914,0,0
11/10/07,7509.994636,5594.184145,0,0
11/11/07,7538.074836,5629.960247,0,0
11/12/07,7563.659385,5663.926222,0,0
11/13/07,7586.748279,5696.082069,0,0
11/14/07,7607.341518,5726.427788,0,0
11/15/07,7625.439106,5754.963379,0,0
11/16/07,7641.041038,5781.688842,0,0
11/17/07,7654.147316,5806.604177,0,0
11/18/07,7664.75794,5829.709383,0,0
11/19/07,7672.87291,5851.004463,0,0
11/20/07,7678.492227,5870.489413,0,0
11/21/07,7681.615888,5888.164237,0,0
11/22/07,7682.243897,5904.028932,0,0
11/23/07,7680.376252,5918.083499,0,0
11/24/07,7676.012953,5930.327939,0,0
11/25/07,7669.154001,5940.76225,0,0
11/26/07,7659.799394,5949.386433,0,0
11/27/07,7647.949132,5956.200489,0,0
11/28/07,7633.603218,5961.204416,0,0
11/29/07,7616.761648,5964.398216,0,0
11/30/07,7597.424426,5965.781888,0,0
12/1/07,7576.183827,5965.835282,0,0
12/2/07,7556.593521,5967.4375,0,0
12/3/07,7539.245783,5971.068392,0,0
12/4/07,7524.140616,5976.727959,0,0
12/5/07,7511.278017,5984.416199,0,0
12/6/07,7500.657991,5994.133115,0,0
12/7/07,7492.280531,6005.878704,0,0
12/8/07,7486.145644,6019.652968,0,0
12/9/07,7482.253324,6035.455905,0,0
12/10/07,7480.603576,6053.287518,0,0
12/11/07,7481.196397,6073.147804,0,0
12/12/07,7484.031787,6095.036765,0,0
12/13/07,7489.109747,6118.9544,0,0
12/14/07,7496.430276,6144.90071,0,0
12/15/07,7505.993377,6172.875693,0,0
12/16/07,7517.799045,6202.879351,0,0
12/17/07,7531.847285,6234.911683,0,0
12/18/07,7548.138093,6268.97269,0,0
12/19/07,7566.671471,6305.06237,0,0
12/20/07,7587.447419,6343.180726,0,0
12/21/07,7610.465939,6383.327755,0,0
12/22/07,7635.727025,6425.503459,0,0
12/23/07,7663.230684,6469.707837,0,0
12/24/07,7692.97691,6515.940889,0,0
12/25/07,7724.965708,6564.202615,0,0
12/26/07,7759.197073,6614.493016,0,0
12/27/07,7795.671009,6666.812091,0,0
12/28/07,7834.387516,6721.159841,0,0
12/29/07,7875.346591,6777.536264,0,0
12/30/07,7918.548237,6835.941362,0,0
12/31/07,7963.992452,6896.375134,0,0
1/1/08,8010.865225,6958.085546,0,0
1/2/08,8054.282478,7016.560397,0,0
1/3/08,8093.430198,7071.047649,0,0
1/4/08,8128.308388,7121.547305,0,0
1/5/08,8158.917046,7168.059363,0,0
1/6/08,8185.256172,7210.583825,0,0
1/7/08,8207.325765,7249.120691,0,0
1/8/08,8225.125827,7283.669959,0,0
1/9/08,8238.656357,7314.23163,0,0
1/10/08,8247.917357,7340.805705,0,0
1/11/08,8252.908824,7363.392183,0,0
1/12/08,8253.630757,7381.991064,0,0
1/13/08,8250.083159,7396.602347,0,0
1/14/08,8242.26603,7407.226034,0,0
1/15/08,8230.179371,7413.862124,0,0
1/16/08,8213.823177,7416.510618,0,0
1/17/08,8193.197452,7415.171514,0,0
1/18/08,8168.302196,7409.844813,0,0
1/19/08,8139.137406,7400.530516,0,0
1/20/08,8105.703087,7387.228621,0,0
1/21/08,8067.999236,7369.93913,0,0
1/22/08,8026.025851,7348.662042,0,0
1/23/08,7979.782935,7323.397357,0,0
1/24/08,7929.270488,7294.145075,0,0
1/25/08,7874.488507,7260.905196,0,0
1/26/08,7815.436997,7223.67772,0,0
1/27/08,7752.115952,7182.462648,0,0
1/28/08,7684.525379,7137.259978,0,0
1/29/08,7612.665271,7088.069712,0,0
1/30/08,7536.535633,7034.891849,0,0
1/31/08,7456.136461,6977.726389,0,0
2/1/08,7372.852634,6917.760345,0,0
2/2/08,7294.993383,6862.115792,0,0
2/3/08,7223.94359,6811.979743,0,0
2/4/08,7159.70325,6767.352199,0,0
2/5/08,7102.272364,6728.233159,0,0
2/6/08,7051.650932,6694.622623,0,0
2/7/08,7007.838954,6666.520591,0,0
2/8/08,6970.836431,6643.927065,0,0
2/9/08,6940.643362,6626.842041,0,0
2/10/08,6917.259747,6615.265522,0,0
2/11/08,6900.685584,6609.197507,0,0
2/12/08,6890.920878,6608.637996,0,0
2/13/08,6887.965627,6613.58699,0,0
2/14/08,6891.819826,6624.044488,0,0
2/15/08,6902.483482,6640.01049,0,0
2/16/08,6919.956591,6661.484996,0,0
2/17/08,6944.239155,6688.468007,0,0
2/18/08,6975.331172,6720.959522,0,0
2/19/08,7013.232644,6758.959541,0,0
2/20/08,7057.943572,6802.468065,0,0
2/21/08,7109.46395,6851.485091,0,0
2/22/08,7167.793786,6906.010623,0,0
2/23/08,7232.933073,6966.044659,0,0
2/24/08,7304.881816,7031.587199,0,0
2/25/08,7383.640013,7102.638243,0,0
2/26/08,7469.207663,7179.197792,0,0
2/27/08,7561.584768,7261.265845,0,0
2/28/08,7660.771327,7348.842402,0,0
2/29/08,7766.767341,7441.927463,0,0
3/1/08,7878.042661,7539.015013,0,0
3/2/08,7985.41641,7631.068959,0,0
3/3/08,8087.358439,7716.583284,0,0
3/4/08,8183.868748,7795.557992,0,0
3/5/08,8274.947339,7867.993078,0,0
3/6/08,8360.59421,7933.888545,0,0
3/7/08,8440.809362,7993.244393,0,0
3/8/08,8515.592794,8046.060621,0,0
3/9/08,8584.944507,8092.337229,0,0
3/10/08,8648.8645,8132.074218,0,0
3/11/08,8707.352775,8165.271588,0,0
3/12/08,8760.409331,8191.929338,0,0
3/13/08,8808.034167,8212.047468,0,0
3/14/08,8850.227283,8225.625978,0,0
3/15/08,8886.98868,8232.664869,0,0
3/16/08,8918.318359,8233.16414,0,0
3/17/08,8944.216317,8227.123791,0,0
3/18/08,8964.682557,8214.543823,0,0
3/19/08,8979.717077,8195.424235,0,0
3/20/08,8989.319879,8169.765028,0,0
3/21/08,8993.49096,8137.566201,0,0
3/22/08,8992.230322,8098.827755,0,0
3/23/08,8985.537965,8053.549688,0,0
3/24/08,8973.413888,8001.732002,0,0
3/25/08,8955.858095,7943.374697,0,0
3/26/08,8932.870579,7878.477772,0,0
3/27/08,8904.451346,7807.041228,0,0
3/28/08,8870.600392,7729.065063,0,0
3/29/08,8831.31772,7644.549279,0,0
3/30/08,8786.603328,7553.493876,0,0
3/31/08,8736.457217,7455.898852,0,0
4/1/08,8681.890326,7353.276866,0,0
4/2/08,8628.968306,7254.703853,0,0
4/3/08,8578.702094,7161.692469,0,0
4/4/08,8531.091689,7074.242714,0,0
4/5/08,8486.137096,6992.354589,0,0
4/6/08,8443.83831,6916.028095,0,0
4/7/08,8404.195334,6845.263229,0,0
4/8/08,8367.208166,6780.059992,0,0
4/9/08,8332.876808,6720.418386,0,0
4/10/08,8301.201258,6666.338409,0,0
4/11/08,8272.181518,6617.820061,0,0
4/12/08,8245.817586,6574.863343,0,0
4/13/08,8222.109463,6537.468255,0,0
4/14/08,8201.05715,6505.634795,0,0
4/15/08,8182.660646,6479.362965,0,0
4/16/08,8166.919951,6458.652765,0,0
4/17/08,8153.835063,6443.504195,0,0
4/18/08,8143.405986,6433.917253,0,0
4/19/08,8135.632718,6429.891942,0,0
4/20/08,8130.515259,6431.428259,0,0
4/21/08,8128.053608,6438.526206,0,0
4/22/08,8128.247766,6451.185784,0,0
4/23/08,8131.097734,6469.40699,0,0
4/24/08,8136.603511,6493.189826,0,0
4/25/08,8144.765095,6522.534291,0,0
4/26/08,8155.58249,6557.440386,0,0
4/27/08,8169.055694,6597.90811,0,0
4/28/08,8185.184705,6643.937465,0,0
4/29/08,8203.969528,6695.528448,0,0
4/30/08,8225.410159,6752.68106,0,0
5/1/08,8248.970498,6814.113327,0,0
5/2/08,8271.433954,6872.13339,0,0
5/3/08,8292.264423,6925.459275,0,0
5/4/08,8311.461909,6974.090982,0,0
5/5/08,8329.02641,7018.02851,0,0
5/6/08,8344.957927,7057.27186,0,0
5/7/08,8359.256459,7091.821031,0,0
5/8/08,8371.922006,7121.676022,0,0
5/9/08,8382.954568,7146.836836,0,0
5/10/08,8392.354147,7167.303471,0,0
5/11/08,8400.12074,7183.075928,0,0
5/12/08,8406.254348,7194.154205,0,0
5/13/08,8410.754974,7200.538305,0,0
5/14/08,8413.622614,7202.228226,0,0
5/15/08,8414.857268,7199.223968,0,0
5/16/08,8414.458939,7191.525531,0,0
5/17/08,8412.427625,7179.132916,0,0
5/18/08,8408.763326,7162.046122,0,0
5/19/08,8403.466043,7140.26515,0,0
5/20/08,8396.535775,7113.789999,0,0
5/21/08,8387.972522,7082.620669,0,0
5/22/08,8377.776286,7046.757161,0,0
5/23/08,8365.947063,7006.199475,0,0
5/24/08,8352.484857,6960.947609,0,0
5/25/08,8337.389666,6911.001565,0,0
5/26/08,8320.661492,6856.361343,0,0
5/27/08,8302.300332,6797.026942,0,0
5/28/08,8282.306187,6732.998362,0,0
5/29/08,8260.679058,6664.275603,0,0
5/30/08,8237.418944,6590.858667,0,0
5/31/08,8212.525845,6512.747551,0,0
6/1/08,8186.399168,6431.033125,0,0
6/2/08,8161.435341,6352.260599,0,0
6/3/08,8138.033772,6277.52084,0,0
6/4/08,8116.194461,6206.81385,0,0
6/5/08,8095.917406,6140.139626,0,0
6/6/08,8077.202608,6077.498171,0,0
6/7/08,8060.050066,6018.889484,0,0
6/8/08,8044.459782,5964.313565,0,0
6/9/08,8030.431754,5913.770413,0,0
6/10/08,8017.965984,5867.260029,0,0
6/11/08,8007.06247,5824.782413,0,0
6/12/08,7997.721213,5786.337564,0,0
6/13/08,7989.942214,5751.925484,0,0
6/14/08,7983.725471,5721.54617,0,0
6/15/08,7979.070984,5695.199625,0,0
6/16/08,7975.978755,5672.885848,0,0
6/17/08,7974.448783,5654.604838,0,0
6/18/08,7974.481067,5640.356596,0,0
6/19/08,7976.07561,5630.141122,0,0
6/20/08,7979.232408,5623.958416,0,0
6/21/08,7983.951463,5621.808477,0,0
6/22/08,7990.232777,5623.691307,0,0
6/23/08,7998.076345,5629.606903,0,0
6/24/08,8007.482172,5639.555269,0,0
6/25/08,8018.450255,5653.536402,0,0
6/26/08,8030.980594,5671.550302,0,0
6/27/08,8045.073192,5693.596969,0,0
6/28/08,8060.728045,5719.676405,0,0
6/29/08,8077.945157,5749.78861,0,0
6/30/08,8096.724526,5783.933581,0,0
7/1/08,8116.696356,5821.500082,0,0
7/2/08,8135.641889,5858.820682,0,0
7/3/08,8153.191331,5895.284144,0,0
7/4/08,8169.344682,5930.890467,0,0
7/5/08,8184.101942,5965.639651,0,0
7/6/08,8197.46311,5999.531697,0,0
7/7/08,8209.428187,6032.566603,0,0
7/8/08,8219.997172,6064.744371,0,0
7/9/08,8229.170067,6096.065001,0,0
7/10/08,8236.94687,6126.528491,0,0
7/11/08,8243.327582,6156.134843,0,0
7/12/08,8248.312204,6184.884055,0,0
7/13/08,8251.900733,6212.776129,0,0
7/14/08,8254.093171,6239.811065,0,0
7/15/08,8254.889518,6265.988861,0,0
7/16/08,8254.289774,6291.309519,0,0
7/17/08,8252.293937,6315.773038,0,0
7/18/08,8248.902011,6339.379417,0,0
7/19/08,8244.113992,6362.128659,0,0
7/20/08,8237.929883,6384.020761,0,0
7/21/08,8230.349682,6405.055726,0,0
7/22/08,8221.37339,6425.233551,0,0
7/23/08,8211.001006,6444.554237,0,0
7/24/08,8199.232532,6463.017784,0,0
7/25/08,8186.067966,6480.624194,0,0
7/26/08,8171.507309,6497.373463,0,0
7/27/08,8155.550559,6513.265595,0,0
7/28/08,8138.19772,6528.300587,0,0
7/29/08,8119.448788,6542.478441,0,0
7/30/08,8099.303765,6555.799156,0,0
7/31/08,8077.762652,6568.262732,0,0
8/1/08,8055.0511,6579.689626,0,0
8/2/08,8032.523027,6589.002578,0,0
8/3/08,8010.404085,6596.022046,0,0
8/4/08,7988.694273,6600.748028,0,0
8/5/08,7967.393594,6603.180525,0,0
8/6/08,7946.502045,6603.319537,0,0
8/7/08,7926.019628,6601.165064,0,0
8/8/08,7905.946344,6596.717106,0,0
8/9/08,7886.282188,6589.975663,0,0
8/10/08,7867.027165,6580.940736,0,0
8/11/08,7848.181273,6569.612323,0,0
8/12/08,7829.744512,6555.990425,0,0
8/13/08,7811.716884,6540.075042,0,0
8/14/08,7794.098386,6521.866174,0,0
8/15/08,7776.889017,6501.36382,0,0
8/16/08,7760.088783,6478.567982,0,0
8/17/08,7743.697679,6453.478658,0,0
8/18/08,7727.715705,6426.095851,0,0
8/19/08,7712.142863,6396.419557,0,0
8/20/08,7696.979154,6364.449779,0,0
8/21/08,7682.224574,6330.186516,0,0
8/22/08,7667.879127,6293.629767,0,0
8/23/08,7653.942811,6254.779534,0,0
8/24/08,7640.415626,6213.635816,0,0
8/25/08,7627.29757,6170.198613,0,0
8/26/08,7614.58865,6124.467924,0,0
8/27/08,7602.288858,6076.44375,0,0
8/28/08,7590.398198,6026.126092,0,0
8/29/08,7578.91667,5973.514948,0,0
8/30/08,7567.844273,5918.610319,0,0
8/31/08,7557.181006,5861.412205,0,0
9/1/08,7546.843137,5802.456413,0,0
9/2/08,7536.328267,5744.957784,0,0
9/3/08,7525.552659,5689.452123,0,0
9/4/08,7514.516315,5635.939432,0,0
9/5/08,7503.219236,5584.41971,0,0
9/6/08,7491.661419,5534.892956,0,0
9/7/08,7479.842867,5487.359172,0,0
9/8/08,7467.763578,5441.818357,0,0
9/9/08,7455.423552,5398.270511,0,0
9/10/08,7442.822791,5356.715634,0,0
9/11/08,7429.961293,5317.153726,0,0
9/12/08,7416.839059,5279.584788,0,0
9/13/08,7403.456087,5244.008818,0,0
9/14/08,7389.81238,5210.425817,0,0
9/15/08,7375.907937,5178.835786,0,0
9/16/08,7361.742757,5149.238723,0,0
9/17/08,7347.316842,5121.634629,0,0
9/18/08,7332.630188,5096.023505,0,0
9/19/08,7317.682799,5072.40535,0,0
9/20/08,7302.474676,5050.780164,0,0
9/21/08,7287.005813,5031.147947,0,0
9/22/08,7271.276216,5013.508699,0,0
9/23/08,7255.285881,4997.86242,0,0
9/24/08,7239.034811,4984.209111,0,0
9/25/08,7222.523005,4972.54877,0,0
9/26/08,7205.750462,4962.881399,0,0
9/27/08,7188.717182,4955.206995,0,0
9/28/08,7171.423166,4949.525562,0,0
9/29/08,7153.868415,4945.837098,0,0
9/30/08,7136.052924,4944.141602,0,0
10/1/08,7118.328578,4944.590355,0,0
10/2/08,7102.806643,4948.091028,0,0
10/3/08,7089.838998,4954.794899,0,0
10/4/08,7079.425641,4964.70197,0,0
10/5/08,7071.566575,4977.812238,0,0
10/6/08,7066.261798,4994.125706,0,0
10/7/08,7063.511311,5013.642372,0,0
10/8/08,7063.315114,5036.362237,0,0
10/9/08,7065.673206,5062.285301,0,0
10/10/08,7070.585588,5091.411562,0,0
10/11/08,7078.052258,5123.741024,0,0
10/12/08,7088.073219,5159.273683,0,0
10/13/08,7100.648469,5198.009541,0,0
10/14/08,7115.77801,5239.948598,0,0
10/15/08,7133.461839,5285.090854,0,0
10/16/08,7153.699958,5333.436309,0,0
10/17/08,7176.492366,5384.984963,0,0
10/18/08,7201.839065,5439.736815,0,0
10/19/08,7229.740053,5497.691865,0,0
10/20/08,7260.19533,5558.850115,0,0
10/21/08,7293.204898,5623.211564,0,0
10/22/08,7328.768754,5690.77621,0,0
10/23/08,7366.886901,5761.544056,0,0
10/24/08,7407.559336,5835.515101,0,0
10/25/08,7450.786062,5912.689343,0,0
10/26/08,7496.567078,5993.066785,0,0
10/27/08,7544.902382,6076.647425,0,0
10/28/08,7595.791976,6163.431265,0,0
10/29/08,7649.23586,6253.418303,0,0
10/30/08,7705.234034,6346.608539,0,0
10/31/08,7763.786497,6443.001975,0,0
11/1/08,7824.304823,6541.656518,0,0
11/2/08,7883.258457,6636.919618,0,0
11/3/08,7940.058971,6727.849187,0,0
11/4/08,7994.706367,6814.445221,0,0
11/5/08,8047.200642,6896.707723,0,0
11/6/08,8097.541798,6974.636691,0,0
11/7/08,8145.729836,7048.232127,0,0
11/8/08,8191.764755,7117.494029,0,0
11/9/08,8235.646553,7182.422398,0,0
11/10/08,8277.375234,7243.017234,0,0
11/11/08,8316.950794,7299.278537,0,0
11/12/08,8354.373235,7351.206307,0,0
11/13/08,8389.642558,7398.800543,0,0
11/14/08,8422.758761,7442.061247,0,0
11/15/08,8453.721845,7480.988418,0,0
11/16/08,8482.53181,7515.582055,0,0
11/17/08,8509.188656,7545.84216,0,0
11/18/08,8533.692382,7571.76873,0,0
11/19/08,8556.042989,7593.361768,0,0
11/20/08,8576.240477,7610.621274,0,0
11/21/08,8594.284846,7623.547245,0,0
11/22/08,8610.176095,7632.139684,0,0
11/23/08,8623.914226,7636.398589,0,0
11/24/08,8635.499238,7636.323961,0,0
11/25/08,8644.931128,7631.915801,0,0
11/26/08,8652.209902,7623.174107,0,0
11/27/08,8657.335555,7610.09888,0,0
11/28/08,8660.308089,7592.69012,0,0
11/29/08,8661.127505,7570.947827,0,0
11/30/08,8659.793801,7544.872001,0,0
12/1/08,8656.478584,7515.205545,0,0
12/2/08,8652.211484,7486.405882,0,0
12/3/08,8647.164109,7459.215918,0,0
12/4/08,8641.336459,7433.63565,0,0
12/5/08,8634.728532,7409.665079,0,0
12/6/08,8627.34033,7387.304206,0,0
12/7/08,8619.171851,7366.553031,0,0
12/8/08,8610.223098,7347.411552,0,0
12/9/08,8600.494068,7329.87977,0,0
12/10/08,8589.984762,7313.957685,0,0
12/11/08,8578.695181,7299.645298,0,0
12/12/08,8566.625322,7286.942608,0,0
12/13/08,8553.775189,7275.849615,0,0
12/14/08,8540.14478,7266.366321,0,0
12/15/08,8525.734095,7258.492722,0,0
12/16/08,8510.543134,7252.228821,0,0
12/17/08,8494.571897,7247.574617,0,0
12/18/08,8477.820384,7244.53011,0,0
12/19/08,8460.288594,7243.095301,0,0
12/20/08,8441.97653,7243.270189,0,0
12/21/08,8422.88419,7245.054773,0,0
12/22/08,8403.011575,7248.449057,0,0
12/23/08,8382.358683,7253.453035,0,0
12/24/08,8360.925515,7260.066713,0,0
12/25/08,8338.712071,7268.290086,0,0
12/26/08,8315.718352,7278.123158,0,0
12/27/08,8291.944357,7289.565926,0,0
12/28/08,8267.390086,7302.618392,0,0
12/29/08,8242.055538,7317.280554,0,0
12/30/08,8215.940715,7333.552415,0,0
12/31/08,8189.045616,7351.433971,0,0
1/1/09,8161.613206,7370.368334,0,0
1/2/09,8135.101273,7387.01415,0,0
1/3/09,8109.752781,7400.814525,0,0
1/4/09,8085.56773,7411.769461,0,0
1/5/09,8062.54612,7419.878958,0,0
1/6/09,8040.687951,7425.143015,0,0
1/7/09,8019.993222,7427.561633,0,0
1/8/09,8000.461936,7427.134811,0,0
1/9/09,7982.09409,7423.86255,0,0
1/10/09,7964.889686,7417.744849,0,0
1/11/09,7948.848722,7408.781709,0,0
1/12/09,7933.9712,7396.97313,0,0
1/13/09,7920.257118,7382.31911,0,0
1/14/09,7907.706479,7364.819652,0,0
1/15/09,7896.319281,7344.474755,0,0
1/16/09,7886.095523,7321.284417,0,0
1/17/09,7877.035206,7295.248641,0,0
1/18/09,7869.138331,7266.367424,0,0
1/19/09,7862.404897,7234.640769,0,0
1/20/09,7856.834903,7200.068673,0,0
1/21/09,7852.428352,7162.651138,0,0
1/22/09,7849.18524,7122.388164,0,0
1/23/09,7847.10557,7079.279751,0,0
1/24/09,7846.189342,7033.325897,0,0
1/25/09,7846.436555,6984.526606,0,0
1/26/09,7847.847209,6932.881873,0,0
1/27/09,7850.421303,6878.391702,0,0
1/28/09,7854.158838,6821.056091,0,0
1/29/09,7859.059815,6760.875041,0,0
1/30/09,7865.124234,6697.848551,0,0
1/31/09,7872.352092,6631.976622,0,0
2/1/09,7880.778334,6564.34342,0,0
2/2/09,7890.612597,6501.45395,0,0
2/3/09,7901.889825,6444.392379,0,0
2/4/09,7914.610016,6393.158706,0,0
2/5/09,7928.77317,6347.752932,0,0
2/6/09,7944.379288,6308.175056,0,0
2/7/09,7961.428369,6274.425079,0,0
2/8/09,7979.920413,6246.503001,0,0
2/9/09,7999.855422,6224.408821,0,0
2/10/09,8021.233394,6208.142541,0,0
2/11/09,8044.054328,6197.704158,0,0
2/12/09,8068.318228,6193.093674,0,0
2/13/09,8094.02509,6194.311089,0,0
2/14/09,8121.174915,6201.356403,0,0
2/15/09,8149.767706,6214.229615,0,0
2/16/09,8179.803457,6232.930726,0,0
2/17/09,8211.282173,6257.459735,0,0
2/18/09,8244.203853,6287.816643,0,0
2/19/09,8278.568496,6324.00145,0,0
2/20/09,8314.376102,6366.014155,0,0
2/21/09,8351.626673,6413.854759,0,0
2/22/09,8390.320206,6467.523261,0,0
2/23/09,8430.456701,6527.019663,0,0
2/24/09,8472.036162,6592.343962,0,0
2/25/09,8515.058587,6663.496161,0,0
2/26/09,8559.523973,6740.476259,0,0
2/27/09,8605.432324,6823.284254,0,0
2/28/09,8652.783638,6911.920149,0,0
3/1/09,8701.014136,7005.199145,0,0
3/2/09,8746.741129,7096.012459,0,0
3/3/09,8789.400839,7183.175295,0,0
3/4/09,8828.993265,7266.687652,0,0
3/5/09,8865.518408,7346.549532,0,0
3/6/09,8898.976265,7422.760933,0,0
3/7/09,8929.366841,7495.321854,0,0
3/8/09,8956.69013,7564.232298,0,0
3/9/09,8980.946136,7629.492263,0,0
3/10/09,9002.134858,7691.10175,0,0
3/11/09,9020.256296,7749.060759,0,0
3/12/09,9035.31045,7803.369288,0,0
3/13/09,9047.297321,7854.027339,0,0
3/14/09,9056.216908,7901.034913,0,0
3/15/09,9062.069209,7944.392007,0,0
3/16/09,9064.85423,7984.098622,0,0
3/17/09,9064.571963,8020.15476,0,0
3/18/09,9061.222415,8052.560419,0,0
3/19/09,9054.805581,8081.315599,0,0
3/20/09,9045.321464,8106.420302,0,0
3/21/09,9032.770063,8127.874525,0,0
3/22/09,9017.151377,8145.678271,0,0
3/23/09,8998.465409,8159.831538,0,0
3/24/09,8976.712156,8170.334325,0,0
3/25/09,8951.891618,8177.186635,0,0
3/26/09,8924.003799,8180.388466,0,0
3/27/09,8893.048693,8179.939819,0,0
3/28/09,8859.026305,8175.840694,0,0
3/29/09,8821.936633,8168.091089,0,0
3/30/09,8781.779676,8156.691006,0,0
3/31/09,8738.555435,8141.640445,0,0
4/1/09,8692.966796,8123.457606,0,0
4/2/09,8649.231075,8105.25169,0,0
4/3/09,8608.051159,8087.540899,0,0
4/4/09,8569.427047,8070.325231,0,0
4/5/09,8533.358741,8053.604687,0,0
4/6/09,8499.846236,8037.379267,0,0
4/7/09,8468.889537,8021.648971,0,0
4/8/09,8440.488641,8006.413798,0,0
4/9/09,8414.643549,7991.67375,0,0
4/10/09,8391.35426,7977.428826,0,0
4/11/09,8370.620778,7963.679026,0,0
4/12/09,8352.443099,7950.42435,0,0
4/13/09,8336.821223,7937.664797,0,0
4/14/09,8323.755153,7925.400369,0,0
4/15/09,8313.244885,7913.631064,0,0
4/16/09,8305.290422,7902.356883,0,0
4/17/09,8299.891764,7891.577826,0,0
4/18/09,8297.048909,7881.293894,0,0
4/19/09,8296.761858,7871.505084,0,0
4/20/09,8299.030612,7862.211399,0,0
4/21/09,8303.855171,7853.412838,0,0
4/22/09,8311.235531,7845.109401,0,0
4/23/09,8321.171697,7837.301088,0,0
4/24/09,8333.663668,7829.987899,0,0
4/25/09,8348.711442,7823.169833,0,0
4/26/09,8366.315021,7816.846891,0,0
4/27/09,8386.474404,7811.019074,0,0
4/28/09,8409.189589,7805.68638,0,0
4/29/09,8434.460581,7800.848811,0,0
4/30/09,8462.287376,7796.506365,0,0
5/1/09,8492.090502,7792.516125,0,0
5/2/09,8520.393135,7788.020588,0,0
5/3/09,8546.615799,7782.876834,0,0
5/4/09,8570.758496,7777.084865,0,0
5/5/09,8592.821227,7770.644678,0,0
5/6/09,8612.803991,7763.556277,0,0
5/7/09,8630.706787,7755.819659,0,0
5/8/09,8646.529616,7747.434825,0,0
5/9/09,8660.272479,7738.401776,0,0
5/10/09,8671.935375,7728.72051,0,0
5/11/09,8681.518301,7718.391028,0,0
5/12/09,8689.021262,7707.413331,0,0
5/13/09,8694.444256,7695.787417,0,0
5/14/09,8697.787282,7683.513288,0,0
5/15/09,8699.050343,7670.590942,0,0
5/16/09,8698.233436,7657.020381,0,0
5/17/09,8695.336561,7642.801603,0,0
5/18/09,8690.359719,7627.93461,0,0
5/19/09,8683.30291,7612.419401,0,0
5/20/09,8674.166135,7596.255976,0,0
5/21/09,8662.949393,7579.444334,0,0
5/22/09,8649.652684,7561.984477,0,0
5/23/09,8634.276007,7543.876403,0,0
5/24/09,8616.819361,7525.120114,0,0
5/25/09,8597.282751,7505.715609,0,0
5/26/09,8575.666174,7485.662888,0,0
5/27/09,8551.969628,7464.96195,0,0
5/28/09,8526.193115,7443.612798,0,0
5/29/09,8498.336636,7421.615428,0,0
5/30/09,8468.400189,7398.969844,0,0
5/31/09,8436.383776,7375.676042,0,0
6/1/09,8402.778982,7351.799641,0,0
6/2/09,8370.535334,7327.734332,0,0
6/3/09,8340.144416,7303.545732,0,0
6/4/09,8311.606228,7279.23384,0,0
6/5/09,8284.920773,7254.798656,0,0
6/6/09,8260.088051,7230.240182,0,0
6/7/09,8237.108058,7205.558415,0,0
6/8/09,8215.980796,7180.753356,0,0
6/9/09,8196.706266,7155.825006,0,0
6/10/09,8179.284468,7130.773365,0,0
6/11/09,8163.7154,7105.598431,0,0
6/12/09,8149.999065,7080.300207,0,0
6/13/09,8138.13546,7054.87869,0,0
6/14/09,8128.124587,7029.333882,0,0
6/15/09,8119.966446,7003.665782,0,0
6/16/09,8113.661035,6977.874392,0,0
6/17/09,8109.208356,6951.959709,0,0
6/18/09,8106.608407,6925.921734,0,0
6/19/09,8105.861191,6899.760468,0,0
6/20/09,8106.966707,6873.47591,0,0
6/21/09,8109.924953,6847.068061,0,0
6/22/09,8114.73593,6820.536919,0,0
6/23/09,8121.399638,6793.882488,0,0
6/24/09,8129.916079,6767.104763,0,0
6/25/09,8140.28525,6740.203747,0,0
6/26/09,8152.507153,6713.17944,0,0
6/27/09,8166.581786,6686.031841,0,0
6/28/09,8182.509152,6658.76095,0,0
6/29/09,8200.289251,6631.366768,0,0
6/30/09,8219.922079,6603.849294,0,0
7/1/09,8241.042639,6576.426084,0,0
7/2/09,8261.460944,6550.40247,0,0
7/3/09,8280.811993,6525.996008,0,0
7/4/09,8299.095786,6503.206697,0,0
7/5/09,8316.312323,6482.034537,0,0
7/6/09,8332.461605,6462.479528,0,0
7/7/09,8347.543632,6444.541672,0,0
7/8/09,8361.558403,6428.220967,0,0
7/9/09,8374.505919,6413.517413,0,0
7/10/09,8386.386178,6400.431011,0,0
7/11/09,8397.199183,6388.961761,0,0
7/12/09,8406.944933,6379.109661,0,0
7/13/09,8415.623426,6370.874714,0,0
7/14/09,8423.234665,6364.256918,0,0
7/15/09,8429.77865,6359.256273,0,0
7/16/09,8435.255376,6355.872779,0,0
7/17/09,8439.664847,6354.106438,0,0
7/18/09,8443.007063,6353.957247,0,0
7/19/09,8445.282024,6355.425208,0,0
7/20/09,8446.48973,6358.510321,0,0
7/21/09,8446.63018,6363.212585,0,0
7/22/09,8445.703375,6369.532001,0,0
7/23/09,8443.709313,6377.468568,0,0
7/24/09,8440.647995,6387.022287,0,0
7/25/09,8436.519425,6398.193157,0,0
7/26/09,8431.323596,6410.981178,0,0
7/27/09,8425.060514,6425.386351,0,0
7/28/09,8417.730175,6441.408676,0,0
7/29/09,8409.332581,6459.048152,0,0
7/30/09,8399.867733,6478.304779,0,0
7/31/09,8389.335627,6499.178558,0,0
8/1/09,8377.841497,6521.154575,0,0
8/2/09,8366.016723,6541.143349,0,0
8/3/09,8353.966535,6558.629967,0,0
8/4/09,8341.690932,6573.614428,0,0
8/5/09,8329.189916,6586.096734,0,0
8/6/09,8316.463484,6596.076882,0,0
8/7/09,8303.511641,6603.554875,0,0
8/8/09,8290.334382,6608.53071,0,0
8/9/09,8276.931708,6611.00439,0,0
8/10/09,8263.303623,6610.975914,0,0
8/11/09,8249.450121,6608.44528,0,0
8/12/09,8235.371207,6603.412491,0,0
8/13/09,8221.066878,6595.877546,0,0
8/14/09,8206.537136,6585.840443,0,0
8/15/09,8191.781977,6573.301185,0,0
8/16/09,8176.801406,6558.25977,0,0
8/17/09,8161.595422,6540.716199,0,0
8/18/09,8146.164023,6520.670472,0,0
8/19/09,8130.507211,6498.122587,0,0
8/20/09,8114.624984,6473.072547,0,0
8/21/09,8098.517343,6445.520351,0,0
8/22/09,8082.184288,6415.465998,0,0
8/23/09,8065.625817,6382.909489,0,0
8/24/09,8048.841934,6347.850823,0,0
8/25/09,8031.832637,6310.290002,0,0
8/26/09,8014.597925,6270.227023,0,0
8/27/09,7997.137801,6227.661889,0,0
8/28/09,7979.452261,6182.594598,0,0
8/29/09,7961.541308,6135.02515,0,0
8/30/09,7943.40494,6084.953547,0,0
8/31/09,7925.043159,6032.379787,0,0
9/1/09,7906.519742,5978.056366,0,0
9/2/09,7888.217364,5926.498259,0,0
9/3/09,7870.199801,5878.45796,0,0
9/4/09,7852.467055,5833.93547,0,0
9/5/09,7835.019126,5792.930789,0,0
9/6/09,7817.856012,5755.443917,0,0
9/7/09,7800.977714,5721.474853,0,0
9/8/09,7784.384235,5691.023599,0,0
9/9/09,7768.07557,5664.090153,0,0
9/10/09,7752.051723,5640.674516,0,0
9/11/09,7736.312691,5620.776688,0,0
9/12/09,7720.858477,5604.396668,0,0
9/13/09,7705.689077,5591.534457,0,0
9/14/09,7690.804495,5582.190056,0,0
9/15/09,7676.204731,5576.363463,0,0
9/16/09,7661.889781,5574.054679,0,0
9/17/09,7647.85965,5575.263703,0,0
9/18/09,7634.114333,5579.990537,0,0
9/19/09,7620.653833,5588.23518,0,0
9/20/09,7607.47815,5599.99763,0,0
9/21/09,7594.587283,5615.277891,0,0
9/22/09,7581.981231,5634.07596,0,0
9/23/09,7569.659999,5656.391837,0,0
9/24/09,7557.62358,5682.225524,0,0
9/25/09,7545.871979,5711.577018,0,0
9/26/09,7534.405195,5744.446323,0,0
9/27/09,7523.223226,5780.833435,0,0
9/28/09,7512.326074,5820.738357,0,0
9/29/09,7501.71374,5864.161087,0,0
9/30/09,7491.38622,5911.101627,0,0
10/1/09,7481.520579,5961.038627,0,0
10/2/09,7473.179187,6010.843996,0,0
10/3/09,7466.539108,6059.996386,0,0
10/4/09,7461.600339,6108.495797,0,0
10/5/09,7458.362883,6156.342228,0,0
10/6/09,7456.826737,6203.535681,0,0
10/7/09,7456.991904,6250.076154,0,0
10/8/09,7458.85838,6295.963649,0,0
10/9/09,7462.426169,6341.198164,0,0
10/10/09,7467.69527,6385.779701,0,0
10/11/09,7474.665681,6429.708258,0,0
10/12/09,7483.337404,6472.983836,0,0
10/13/09,7493.710437,6515.606435,0,0
10/14/09,7505.784784,6557.576054,0,0
10/15/09,7519.560441,6598.892696,0,0
10/16/09,7535.037409,6639.556358,0,0
10/17/09,7552.215689,6679.56704,0,0
10/18/09,7571.095282,6718.924743,0,0
10/19/09,7591.676183,6757.629468,0,0
10/20/09,7613.958399,6795.681213,0,0
10/21/09,7637.941925,6833.079979,0,0
10/22/09,7663.62676,6869.825767,0,0
10/23/09,7691.012909,6905.918575,0,0
10/24/09,7720.100369,6941.358404,0,0
10/25/09,7750.889141,6976.145253,0,0
10/26/09,7783.379225,7010.279125,0,0
10/27/09,7817.570618,7043.760016,0,0
10/28/09,7853.463325,7076.587929,0,0
10/29/09,7891.05734,7108.762862,0,0
10/30/09,7930.352669,7140.284816,0,0
10/31/09,7971.349308,7171.153792,0,0
11/1/09,8013.704958,7201.363884,0,0
11/2/09,8055.36581,7230.879666,0,0
11/3/09,8095.98956,7259.695237,0,0
11/4/09,8135.576213,7287.810594,0,0
11/5/09,8174.125764,7315.225737,0,0
11/6/09,8211.638217,7341.940669,0,0
11/7/09,8248.113568,7367.955386,0,0
11/8/09,8283.55182,7393.26989,0,0
11/9/09,8317.952971,7417.884182,0,0
11/10/09,8351.317022,7441.79826,0,0
11/11/09,8383.643974,7465.012125,0,0
11/12/09,8414.933826,7487.525777,0,0
11/13/09,8445.186578,7509.339216,0,0
11/14/09,8474.40223,7530.452442,0,0
11/15/09,8502.580781,7550.865455,0,0
11/16/09,8529.722233,7570.578255,0,0
11/17/09,8555.826584,7589.590842,0,0
11/18/09,8580.893837,7607.903216,0,0
11/19/09,8604.923989,7625.515376,0,0
11/20/09,8627.917041,7642.427324,0,0
11/21/09,8649.872993,7658.639058,0,0
11/22/09,8670.791844,7674.150579,0,0
11/23/09,8690.673597,7688.961888,0,0
11/24/09,8709.51825,7703.072982,0,0
11/25/09,8727.325801,7716.483865,0,0
11/26/09,8744.096254,7729.194533,0,0
11/27/09,8759.829607,7741.204989,0,0
11/28/09,8774.525859,7752.515232,0,0
11/29/09,8788.185011,7763.125261,0,0
11/30/09,8800.807064,7773.035078,0,0
12/1/09,8812.295179,7782.007115,0,0
12/2/09,8822.068334,7788.615976,0,0
12/3/09,8830.029691,7792.624094,0,0
12/4/09,8836.179252,7794.03147,0,0
12/5/09,8840.517015,7792.838103,0,0
12/6/09,8843.042981,7789.043993,0,0
12/7/09,8843.757147,7782.649141,0,0
12/8/09,8842.659518,7773.653547,0,0
12/9/09,8839.750091,7762.05721,0,0
12/10/09,8835.028867,7747.86013,0,0
12/11/09,8828.495845,7731.062308,0,0
12/12/09,8820.151026,7711.663743,0,0
12/13/09,8809.994409,7689.664435,0,0
12/14/09,8798.025997,7665.064385,0,0
12/15/09,8784.245784,7637.863593,0,0
12/16/09,8768.653774,7608.062058,0,0
12/17/09,8751.249968,7575.65978,0,0
12/18/09,8732.034366,7540.65676,0,0
12/19/09,8711.006963,7503.052997,0,0
12/20/09,8688.167765,7462.848492,0,0
12/21/09,8663.516769,7420.043244,0,0
12/22/09,8637.053975,7374.637252,0,0
12/23/09,8608.779384,7326.630519,0,0
12/24/09,8578.692996,7276.023044,0,0
12/25/09,8546.794809,7222.814826,0,0
12/26/09,8513.084827,7167.005865,0,0
12/27/09,8477.563046,7108.596162,0,0
12/28/09,8440.229468,7047.585715,0,0
12/29/09,8401.084093,6983.974527,0,0
12/30/09,8360.126919,6917.762596,0,0
12/31/09,8317.35795,6848.949923,0,0
1/1/10,8273.181904,6778.224488,0,0
1/2/10,8230.027127,6709.714181,0,0
1/3/10,8188.298341,6644.106984,0,0
1/4/10,8147.995543,6581.402897,0,0
1/5/10,8109.118735,6521.601919,0,0
1/6/10,8071.667921,6464.704051,0,0
1/7/10,8035.643094,6410.709292,0,0
1/8/10,8001.044258,6359.617642,0,0
1/9/10,7967.871412,6311.429102,0,0
1/10/10,7936.124556,6266.143672,0,0
1/11/10,7905.803691,6223.761351,0,0
1/12/10,7876.908817,6184.28214,0,0
1/13/10,7849.439932,6147.706039,0,0
1/14/10,7823.397037,6114.033047,0,0
1/15/10,7798.780133,6083.263165,0,0
1/16/10,7775.58922,6055.396392,0,0
1/17/10,7753.824297,6030.432729,0,0
1/18/10,7733.485362,6008.372175,0,0
1/19/10,7714.57242,5989.21473,0,0
1/20/10,7697.085466,5972.960397,0,0
1/21/10,7681.024505,5959.609171,0,0
1/22/10,7666.389532,5949.161056,0,0
1/23/10,7653.18055,5941.61605,0,0
1/24/10,7641.397558,5936.974153,0,0
1/25/10,7631.040556,5935.235366,0,0
1/26/10,7622.109545,5936.39969,0,0
1/27/10,7614.604525,5940.467122,0,0
1/28/10,7608.525494,5947.437664,0,0
1/29/10,7603.872454,5957.311315,0,0
1/30/10,7600.645404,5970.088077,0,0
1/31/10,7598.844344,5985.767947,0,0
2/1/10,7598.446461,6004.078096,0,0
2/2/10,7599.314866,6023.381538,0,0
2/3/10,7601.426751,6043.405443,0,0
2/4/10,7604.782112,6064.149809,0,0
2/5/10,7609.380949,6085.614638,0,0
2/6/10,7615.223265,6107.799929,0,0
2/7/10,7622.309056,6130.705683,0,0
2/8/10,7630.638324,6154.331898,0,0
2/9/10,7640.211068,6178.678576,0,0
2/10/10,7651.027289,6203.745716,0,0
2/11/10,7663.086988,6229.533317,0,0
2/12/10,7676.390163,6256.041382,0,0
2/13/10,7690.936814,6283.269908,0,0
2/14/10,7706.726944,6311.218897,0,0
2/15/10,7723.760548,6339.888347,0,0
2/16/10,7742.03763,6369.27826,0,0
2/17/10,7761.55819,6399.388635,0,0
2/18/10,7782.322226,6430.219473,0,0
2/19/10,7804.329739,6461.770772,0,0
2/20/10,7827.580729,6494.042533,0,0
2/21/10,7852.075194,6527.034758,0,0
2/22/10,7877.813136,6560.747444,0,0
2/23/10,7904.794558,6595.180591,0,0
2/24/10,7933.019455,6630.334202,0,0
2/25/10,7962.487827,6666.208274,0,0
2/26/10,7993.199678,6702.80281,0,0
2/27/10,8025.155004,6740.117807,0,0
2/28/10,8058.353808,6778.153265,0,0
3/1/10,8092.307727,6816.62898,0,0
3/2/10,8124.086599,6853.863714,0,0
3/3/10,8153.202064,6889.57726,0,0
3/4/10,8179.654116,6923.769619,0,0
3/5/10,8203.44276,6956.440789,0,0
3/6/10,8224.567995,6987.590772,0,0
3/7/10,8243.029823,7017.219568,0,0
3/8/10,8258.828241,7045.327175,0,0
3/9/10,8271.96325,7071.913595,0,0
3/10/10,8282.434849,7096.978828,0,0
3/11/10,8290.24304,7120.522873,0,0
3/12/10,8295.387823,7142.54573,0,0
3/13/10,8297.869195,7163.047399,0,0
3/14/10,8297.687159,7182.02788,0,0
3/15/10,8294.841714,7199.487174,0,0
3/16/10,8289.332861,7215.425281,0,0
3/17/10,8281.160598,7229.842199,0,0
3/18/10,8270.324926,7242.737931,0,0
3/19/10,8256.825846,7254.112473,0,0
3/20/10,8240.663355,7263.965829,0,0
3/21/10,8221.837456,7272.297997,0,0
3/22/10,8200.348148,7279.108978,0,0
3/23/10,8176.195431,7284.39877,0,0
3/24/10,8149.379306,7288.167376,0,0
3/25/10,8119.899772,7290.414793,0,0
3/26/10,8087.756828,7291.141023,0,0
3/27/10,8052.950476,7290.346065,0,0
3/28/10,8015.480714,7288.02992,0,0
3/29/10,7975.347544,7284.192586,0,0
3/30/10,7932.550964,7278.834065,0,0
3/31/10,7887.090977,7271.954356,0,0
4/1/10,7839.536864,7263.475921,0,0
4/2/10,7793.30434,7252.933523,0,0
4/3/10,7748.962689,7240.249622,0,0
4/4/10,7706.511911,7225.42422,0,0
4/5/10,7665.952008,7208.457316,0,0
4/6/10,7627.282976,7189.348909,0,0
4/7/10,7590.504817,7168.099,0,0
4/8/10,7555.617531,7144.70759,0,0
4/9/10,7522.621119,7119.174677,0,0
4/10/10,7491.515581,7091.500262,0,0
4/11/10,7462.300914,7061.684345,0,0
4/12/10,7434.977122,7029.726927,0,0
4/13/10,7409.544202,6995.628006,0,0
4/14/10,7386.002156,6959.387582,0,0
4/15/10,7364.350982,6921.005657,0,0
4/16/10,7344.590682,6880.48223,0,0
4/17/10,7326.721255,6837.817301,0,0
4/18/10,7310.742702,6793.01087,0,0
4/19/10,7296.655021,6746.062936,0,0
4/20/10,7284.458212,6696.9735,0,0
4/21/10,7274.152278,6645.742563,0,0
4/22/10,7265.737217,6592.370124,0,0
4/23/10,7259.21303,6536.856183,0,0
4/24/10,7254.579714,6479.200739,0,0
4/25/10,7251.837273,6419.403793,0,0
4/26/10,7250.985703,6357.465345,0,0
4/27/10,7252.025008,6293.385395,0,0
4/28/10,7254.955187,6227.163944,0,0
4/29/10,7259.776237,6158.80099,0,0
4/30/10,7266.488161,6088.296534,0,0
5/1/10,7274.846881,6016.33993,0,0
5/2/10,7283.387935,5947.067305,0,0
5/3/10,7291.867245,5881.168013,0,0
5/4/10,7300.284812,5818.642054,0,0
5/5/10,7308.640635,5759.489428,0,0
5/6/10,7316.934714,5703.710135,0,0
5/7/10,7325.167051,5651.304175,0,0
5/8/10,7333.337644,5602.271547,0,0
5/9/10,7341.446494,5556.612254,0,0
5/10/10,7349.4936,5514.326293,0,0
5/11/10,7357.478962,5475.413665,0,0
5/12/10,7365.402581,5439.874369,0,0
5/13/10,7373.264456,5407.708407,0,0
5/14/10,7381.06459,5378.915778,0,0
5/15/10,7388.802978,5353.496482,0,0
5/16/10,7396.479623,5331.450519,0,0
5/17/10,7404.094524,5312.777889,0,0
5/18/10,7411.647683,5297.478592,0,0
5/19/10,7419.139097,5285.552627,0,0
5/20/10,7426.568767,5276.999996,0,0
5/21/10,7433.936697,5271.820698,0,0
5/22/10,7441.24288,5270.014733,0,0
5/23/10,7448.487322,5271.582101,0,0
5/24/10,7455.670019,5276.522802,0,0
5/25/10,7462.790975,5284.836836,0,0
5/26/10,7469.850183,5296.524203,0,0
5/27/10,7476.847652,5311.584903,0,0
5/28/10,7483.783375,5330.018935,0,0
5/29/10,7490.657355,5351.826301,0,0
5/30/10,7497.469591,5377.007,0,0
5/31/10,7504.220085,5405.561032,0,0
6/1/10,7510.919362,5436.899872,0,0
6/2/10,7517.630596,5467.492374,0,0
6/3/10,7524.364315,5496.750014,0,0
6/4/10,7531.12052,5524.672791,0,0
6/5/10,7537.899208,5551.260704,0,0
6/6/10,7544.700379,5576.513756,0,0
6/7/10,7551.524036,5600.431945,0,0
6/8/10,7558.370177,5623.01527,0,0
6/9/10,7565.238803,5644.263733,0,0
6/10/10,7572.129913,5664.177334,0,0
6/11/10,7579.043508,5682.756071,0,0
6/12/10,7585.979587,5699.999946,0,0
6/13/10,7592.938151,5715.908959,0,0
6/14/10,7599.919197,5730.483109,0,0
6/15/10,7606.922731,5743.722396,0,0
6/16/10,7613.948747,5755.626819,0,0
6/17/10,7620.99725,5766.196381,0,0
6/18/10,7628.068235,5775.431081,0,0
6/19/10,7635.161706,5783.330916,0,0
6/20/10,7642.277661,5789.89589,0,0
6/21/10,7649.416101,5795.126001,0,0
6/22/10,7656.577024,5799.021249,0,0
6/23/10,7663.760431,5801.581634,0,0
6/24/10,7670.966325,5802.807157,0,0
6/25/10,7678.194703,5802.697816,0,0
6/26/10,7685.445565,5801.253613,0,0
6/27/10,7692.71891,5798.474547,0,0
6/28/10,7700.014741,5794.36062,0,0
6/29/10,7707.333057,5788.911828,0,0
6/30/10,7714.673856,5782.128175,0,0
7/1/10,7721.936362,5774.226587,0,0
7/2/10,7728.515902,5766.508635,0,0
7/3/10,7734.3117,5759.191248,0,0
7/4/10,7739.323751,5752.274425,0,0
7/5/10,7743.552061,5745.758167,0,0
7/6/10,7746.996624,5739.642473,0,0
7/7/10,7749.657444,5733.927344,0,0
7/8/10,7751.534523,5728.612778,0,0
7/9/10,7752.627855,5723.698778,0,0
7/10/10,7752.937444,5719.185342,0,0
7/11/10,7752.463288,5715.07247,0,0
7/12/10,7751.205389,5711.360164,0,0
7/13/10,7749.163745,5708.048422,0,0
7/14/10,7746.338361,5705.137243,0,0
7/15/10,7742.729228,5702.62663,0,0
7/16/10,7738.336355,5700.516581,0,0
7/17/10,7733.159734,5698.807097,0,0
7/18/10,7727.199373,5697.498177,0,0
7/19/10,7720.455266,5696.589822,0,0
7/20/10,7712.927416,5696.082031,0,0
7/21/10,7704.615822,5695.974805,0,0
7/22/10,7695.520483,5696.268143,0,0
7/23/10,7685.641401,5696.962045,0,0
7/24/10,7674.978575,5698.056512,0,0
7/25/10,7663.532004,5699.551544,0,0
7/26/10,7651.301691,5701.44714,0,0
7/27/10,7638.287632,5703.743301,0,0
7/28/10,7624.489831,5706.440026,0,0
7/29/10,7609.908284,5709.537316,0,0
7/30/10,7594.542995,5713.035169,0,0
7/31/10,7578.393962,5716.933588,0,0
8/1/10,7561.625432,5721.030144,0,0
8/2/10,7545.222893,5724.110273,0,0
8/3/10,7529.350594,5725.971546,0,0
8/4/10,7514.00853,5726.613967,0,0
8/5/10,7499.196709,5726.037533,0,0
8/6/10,7484.915124,5724.242244,0,0
8/7/10,7471.163779,5721.228101,0,0
8/8/10,7457.942671,5716.995104,0,0
8/9/10,7445.251804,5711.543252,0,0
8/10/10,7433.091174,5704.872545,0,0
8/11/10,7421.460784,5696.982985,0,0
8/12/10,7410.360632,5687.87457,0,0
8/13/10,7399.790717,5677.547301,0,0
8/14/10,7389.751042,5666.001177,0,0
8/15/10,7380.241607,5653.2362,0,0
8/16/10,7371.262408,5639.252368,0,0
8/17/10,7362.813451,5624.049681,0,0
8/18/10,7354.894731,5607.62814,0,0
8/19/10,7347.506248,5589.987745,0,0
8/20/10,7340.648007,5571.128495,0,0
8/21/10,7334.320002,5551.050391,0,0
8/22/10,7328.522237,5529.753433,0,0
8/23/10,7323.25471,5507.23762,0,0
8/24/10,7318.517423,5483.502954,0,0
8/25/10,7314.310374,5458.549432,0,0
8/26/10,7310.633562,5432.377056,0,0
8/27/10,7307.48699,5404.985826,0,0
8/28/10,7304.870657,5376.375741,0,0
8/29/10,7302.784562,5346.546803,0,0
8/30/10,7301.228707,5315.499009,0,0
8/31/10,7300.20309,5283.232363,0,0
9/1/10,7299.552537,5250.362934,0,0
9/2/10,7298.346013,5220.587169,0,0
9/3/10,7296.428345,5194.52114,0,0
9/4/10,7293.79953,5172.164849,0,0
9/5/10,7290.459571,5153.518293,0,0
9/6/10,7286.408468,5138.581474,0,0
9/7/10,7281.646217,5127.354392,0,0
9/8/10,7276.172823,5119.837047,0,0
9/9/10,7269.988284,5116.029439,0,0
9/10/10,7263.092598,5115.931567,0,0
9/11/10,7255.485769,5119.543432,0,0
9/12/10,7247.167792,5126.865034,0,0
9/13/10,7238.138672,5137.896372,0,0
9/14/10,7228.398407,5152.637446,0,0
9/15/10,7217.946996,5171.088257,0,0
9/16/10,7206.78444,5193.248805,0,0
9/17/10,7194.910739,5219.119091,0,0
9/18/10,7182.325893,5248.699112,0,0
9/19/10,7169.029901,5281.988869,0,0
9/20/10,7155.022766,5318.988364,0,0
9/21/10,7140.304484,5359.697596,0,0
9/22/10,7124.875057,5404.116564,0,0
9/23/10,7108.734485,5452.245268,0,0
9/24/10,7091.882767,5504.083709,0,0
9/25/10,7074.319905,5559.631888,0,0
9/26/10,7056.045898,5618.889802,0,0
9/27/10,7037.060745,5681.857454,0,0
9/28/10,7017.364446,5748.534841,0,0
9/29/10,6996.957005,5818.921966,0,0
9/30/10,6975.838417,5893.018827,0,0
10/1/10,6954.397086,5970.069797,0,0
10/2/10,6934.963426,6045.541102,0,0
10/3/10,6917.92584,6118.677116,0,0
10/4/10,6903.284327,6189.477838,0,0
10/5/10,6891.03889,6257.943268,0,0
10/6/10,6881.189524,6324.073405,0,0
10/7/10,6873.736232,6387.86825,0,0
10/8/10,6868.679017,6449.327804,0,0
10/9/10,6866.017872,6508.452065,0,0
10/10/10,6865.752801,6565.241034,0,0
10/11/10,6867.883804,6619.694711,0,0
10/12/10,6872.41088,6671.813097,0,0
10/13/10,6879.334034,6721.596189,0,0
10/14/10,6888.653257,6769.043991,0,0
10/15/10,6900.368554,6814.156499,0,0
10/16/10,6914.479927,6856.933715,0,0
10/17/10,6930.987373,6897.375641,0,0
10/18/10,6949.890893,6935.482273,0,0
10/19/10,6971.190485,6971.253614,0,0
10/20/10,6994.886151,7004.689661,0,0
10/21/10,7020.977891,7035.790418,0,0
10/22/10,7049.465704,7064.555882,0,0
10/23/10,7080.349593,7090.986054,0,0
10/24/10,7113.629554,7115.080934,0,0
10/25/10,7149.305588,7136.840522,0,0
10/26/10,7187.377697,7156.264818,0,0
10/27/10,7227.845879,7173.353822,0,0
10/28/10,7270.710136,7188.107533,0,0
10/29/10,7315.970464,7200.525952,0,0
10/30/10,7363.626868,7210.60908,0,0
10/31/10,7413.679344,7218.356916,0,0
11/1/10,7465.669226,7224.075016,0,0
11/2/10,7516.844491,7229.596716,0,0
11/3/10,7566.746473,7235.227573,0,0
11/4/10,7615.375171,7240.967587,0,0
11/5/10,7662.730582,7246.81676,0,0
11/6/10,7708.812712,7252.775088,0,0
11/7/10,7753.621555,7258.842574,0,0
11/8/10,7797.157114,7265.019218,0,0
11/9/10,7839.41939,7271.305018,0,0
11/10/10,7880.40838,7277.699975,0,0
11/11/10,7920.124087,7284.20409,0,0
11/12/10,7958.566509,7290.817361,0,0
11/13/10,7995.735648,7297.53979,0,0
11/14/10,8031.6315,7304.371375,0,0
11/15/10,8066.25407,7311.312119,0,0
11/16/10,8099.603353,7318.362018,0,0
11/17/10,8131.679353,7325.521075,0,0
11/18/10,8162.482069,7332.789289,0,0
11/19/10,8192.011499,7340.16666,0,0
11/20/10,8220.267647,7347.653189,0,0
11/21/10,8247.250509,7355.248874,0,0
11/22/10,8272.960087,7362.953717,0,0
11/23/10,8297.396381,7370.767716,0,0
11/24/10,8320.55939,7378.690873,0,0
11/25/10,8342.449114,7386.723187,0,0
11/26/10,8363.065554,7394.864658,0,0
11/27/10,8382.408711,7403.115286,0,0
11/28/10,8400.478584,7411.475072,0,0
11/29/10,8417.27517,7419.944014,0,0
11/30/10,8432.798471,7428.522113,0,0
12/1/10,8446.942516,7437.075169,0,0
12/2/10,8459.071459,7444.797981,0,0
12/3/10,8469.079326,7451.556347,0,0
12/4/10,8476.966118,7457.350267,0,0
12/5/10,8482.731835,7462.179743,0,0
12/6/10,8486.376476,7466.044773,0,0
12/7/10,8487.900041,7468.945358,0,0
12/8/10,8487.302532,7470.881498,0,0
12/9/10,8484.583947,7471.853192,0,0
12/10/10,8479.744284,7471.860441,0,0
12/11/10,8472.783549,7470.903245,0,0
12/12/10,8463.701737,7468.981603,0,0
12/13/10,8452.498851,7466.095516,0,0
12/14/10,8439.174887,7462.244985,0,0
12/15/10,8423.729848,7457.430008,0,0
12/16/10,8406.163735,7451.650585,0,0
12/17/10,8386.476547,7444.906718,0,0
12/18/10,8364.668282,7437.198404,0,0
12/19/10,8340.738942,7428.525646,0,0
12/20/10,8314.688528,7418.888442,0,0
12/21/10,8286.517036,7408.286793,0,0
12/22/10,8256.224469,7396.720699,0,0
12/23/10,8223.810828,7384.19016,0,0
12/24/10,8189.276111,7370.695175,0,0
12/25/10,8152.620318,7356.235745,0,0
12/26/10,8113.843451,7340.81187,0,0
12/27/10,8072.945507,7324.423549,0,0
12/28/10,8029.926488,7307.070783,0,0
12/29/10,7984.786392,7288.753573,0,0
12/30/10,7937.525222,7269.471917,0,0
12/31/10,7888.142977,7249.225815,0,0
1/1/11,7837.042076,7227.897783,0,0
1/2/11,7786.637028,7204.78291,0,0
1/3/11,7737.330254,7179.763712,0,0
1/4/11,7689.121752,7152.840188,0,0
1/5/11,7642.011525,7124.01234,0,0
1/6/11,7595.99957,7093.280165,0,0
1/7/11,7551.085887,7060.643664,0,0
1/8/11,7507.270478,7026.102838,0,0
1/9/11,7464.553343,6989.657686,0,0
1/10/11,7422.934481,6951.308209,0,0
1/11/11,7382.413891,6911.054406,0,0
1/12/11,7342.991578,6868.896277,0,0
1/13/11,7304.667534,6824.833823,0,0
1/14/11,7267.441766,6778.867044,0,0
1/15/11,7231.314269,6730.995939,0,0
1/16/11,7196.285045,6681.220508,0,0
1/17/11,7162.354096,6629.540752,0,0
1/18/11,7129.521419,6575.956669,0,0
1/19/11,7097.787016,6520.468262,0,0
1/20/11,7067.150885,6463.075529,0,0
1/21/11,7037.613028,6403.77847,0,0
1/22/11,7009.173445,6342.577085,0,0
1/23/11,6981.832134,6279.471375,0,0
1/24/11,6955.589097,6214.461339,0,0
1/25/11,6930.444331,6147.546978,0,0
1/26/11,6906.397841,6078.728292,0,0
1/27/11,6883.449623,6008.005279,0,0
1/28/11,6861.59968,5935.377941,0,0
1/29/11,6840.848008,5860.846278,0,0
1/30/11,6821.194609,5784.410288,0,0
1/31/11,6802.639484,5706.069974,0,0
2/1/11,6785.515112,5627.044893,0,0
2/2/11,6771.816378,5554.652403,0,0
2/3/11,6761.875761,5490.112064,0,0
2/4/11,6755.693261,5433.423876,0,0
2/5/11,6753.268879,5384.587839,0,0
2/6/11,6754.602613,5343.603953,0,0
2/7/11,6759.694465,5310.472217,0,0
2/8/11,6768.544435,5285.192633,0,0
2/9/11,6781.152521,5267.765199,0,0
2/10/11,6797.518727,5258.189916,0,0
2/11/11,6817.643048,5256.466783,0,0
2/12/11,6841.525485,5262.595802,0,0
2/13/11,6869.166044,5276.576971,0,0
2/14/11,6900.564714,5298.410291,0,0
2/15/11,6935.721507,5328.095762,0,0
2/16/11,6974.636416,5365.633384,0,0
2/17/11,7017.30944,5411.023157,0,0
2/18/11,7063.740583,5464.26508,0,0
2/19/11,7113.929842,5525.359155,0,0
2/20/11,7167.877221,5594.30538,0,0
2/21/11,7225.582715,5671.103756,0,0
2/22/11,7287.046329,5755.754283,0,0
2/23/11,7352.268058,5848.25696,0,0
2/24/11,7421.247905,5948.611789,0,0
2/25/11,7493.985867,6056.818768,0,0
2/26/11,7570.48195,6172.877898,0,0
2/27/11,7650.736147,6296.789179,0,0
2/28/11,7734.748464,6428.55261,0,0
3/1/11,7821.421222,6566.440433,0,0
3/2/11,7904.168358,6700.086085,0,0
3/3/11,7981.8922,6827.761807,0,0
3/4/11,8054.592748,6949.467599,0,0
3/5/11,8122.269998,7065.203462,0,0
3/6/11,8184.92395,7174.969394,0,0
3/7/11,8242.55461,7278.765396,0,0
3/8/11,8295.161973,7376.591467,0,0
3/9/11,8342.74604,7468.44761,0,0
3/10/11,8385.306811,7554.333821,0,0
3/11/11,8422.844287,7634.250102,0,0
3/12/11,8455.358466,7708.196454,0,0
3/13/11,8482.84935,7776.172875,0,0
3/14/11,8505.316937,7838.179367,0,0
3/15/11,8522.76123,7894.215928,0,0
3/16/11,8535.182226,7944.282559,0,0
3/17/11,8542.579926,7988.37926,0,0
3/18/11,8544.954331,8026.50603,0,0
3/19/11,8542.30544,8058.662872,0,0
3/20/11,8534.633252,8084.849782,0,0
3/21/11,8521.937768,8105.066763,0,0
3/22/11,8504.218989,8119.313813,0,0
3/23/11,8481.476915,8127.590933,0,0
3/24/11,8453.711544,8129.898123,0,0
3/25/11,8420.922879,8126.235384,0,0
3/26/11,8383.110918,8116.602714,0,0
3/27/11,8340.27566,8101.000114,0,0
3/28/11,8292.417106,8079.427584,0,0
3/29/11,8239.535256,8051.885123,0,0
3/30/11,8181.630112,8018.372733,0,0
3/31/11,8118.70167,7978.890413,0,0
4/1/11,8051.942954,7934.583451,0,0
4/2/11,7988.512094,7892.323578,0,0
4/3/11,7929.60211,7853.256083,0,0
4/4/11,7875.213003,7817.380965,0,0
4/5/11,7825.344774,7784.698226,0,0
4/6/11,7779.99742,7755.207863,0,0
4/7/11,7739.170943,7728.909878,0,0
4/8/11,7702.865344,7705.804271,0,0
4/9/11,7671.080619,7685.891042,0,0
4/10/11,7643.816773,7669.17019,0,0
4/11/11,7621.073802,7655.641716,0,0
4/12/11,7602.851709,7645.305619,0,0
4/13/11,7589.150491,7638.161901,0,0
4/14/11,7579.97015,7634.210558,0,0
4/15/11,7575.310686,7633.451595,0,0
4/16/11,7575.172101,7635.885009,0,0
4/17/11,7579.554391,7641.5108,0,0
4/18/11,7588.457557,7650.32897,0,0
4/19/11,7601.8816,7662.339516,0,0
4/20/11,7619.826519,7677.542441,0,0
4/21/11,7642.292316,7695.937743,0,0
4/22/11,7669.278988,7717.525422,0,0
4/23/11,7700.786538,7742.305479,0,0
4/24/11,7736.814963,7770.277915,0,0
4/25/11,7777.364267,7801.442728,0,0
4/26/11,7822.434447,7835.799918,0,0
4/27/11,7872.025504,7873.349486,0,0
4/28/11,7926.137435,7914.091431,0,0
4/29/11,7984.770245,7958.025754,0,0
4/30/11,8047.923933,8005.152455,0,0
5/1/11,8114.768757,8054.849008,0,0
5/2/11,8180.326285,8103.380264,0,0
5/3/11,8243.766778,8150.123697,0,0
5/4/11,8305.090238,8195.079308,0,0
5/5/11,8364.296664,8238.247097,0,0
5/6/11,8421.386052,8279.627062,0,0
5/7/11,8476.358409,8319.219206,0,0
5/8/11,8529.21373,8357.023526,0,0
5/9/11,8579.952015,8393.040024,0,0
5/10/11,8628.573268,8427.2687,0,0
5/11/11,8675.077485,8459.709554,0,0
5/12/11,8719.464668,8490.362584,0,0
5/13/11,8761.734817,8519.227792,0,0
5/14/11,8801.88793,8546.305177,0,0
5/15/11,8839.92401,8571.59474,0,0
5/16/11,8875.843053,8595.096481,0,0
5/17/11,8909.645064,8616.8104,0,0
5/18/11,8941.330039,8636.736494,0,0
5/19/11,8970.897981,8654.874768,0,0
5/20/11,8998.348889,8671.225218,0,0
5/21/11,9023.682759,8685.787846,0,0
5/22/11,9046.899595,8698.562653,0,0
5/23/11,9067.999399,8709.549635,0,0
5/24/11,9086.982168,8718.748795,0,0
5/25/11,9103.847901,8726.160134,0,0
5/26/11,9118.596599,8731.783648,0,0
5/27/11,9131.228264,8735.619342,0,0
5/28/11,9141.742895,8737.667212,0,0
5/29/11,9150.14049,8737.92726,0,0
5/30/11,9156.421051,8736.399485,0,0
5/31/11,9160.584578,8733.083888,0,0
6/1/11,9162.792582,8727.983004,0,0
6/2/11,9164.014137,8721.112044,0,0
6/3/11,9164.410751,8712.473544,0,0
6/4/11,9163.982429,8702.067503,0,0
6/5/11,9162.729169,8689.893923,0,0
6/6/11,9160.650971,8675.952802,0,0
6/7/11,9157.747835,8660.24414,0,0
6/8/11,9154.019762,8642.767938,0,0
6/9/11,9149.466749,8623.524197,0,0
6/10/11,9144.088799,8602.512914,0,0
6/11/11,9137.88591,8579.734091,0,0
6/12/11,9130.858086,8555.187729,0,0
6/13/11,9123.005321,8528.873826,0,0
6/14/11,9114.32762,8500.792383,0,0
6/15/11,9104.824979,8470.943399,0,0
6/16/11,9094.497401,8439.326875,0,0
6/17/11,9083.344884,8405.942811,0,0
6/18/11,9071.367432,8370.791207,0,0
6/19/11,9058.565039,8333.872062,0,0
6/20/11,9044.937709,8295.185377,0,0
6/21/11,9030.485441,8254.731151,0,0
6/22/11,9015.208235,8212.509386,0,0
6/23/11,8999.106092,8168.52008,0,0
6/24/11,8982.179009,8122.763234,0,0
6/25/11,8964.426988,8075.238848,0,0
6/26/11,8945.850032,8025.946921,0,0
6/27/11,8926.448136,7974.887454,0,0
6/28/11,8906.221301,7922.060447,0,0
6/29/11,8885.169531,7867.465899,0,0
6/30/11,8863.292819,7811.103812,0,0
7/1/11,8840.741138,7753.360096,0,0
7/2/11,8818.414269,7696.550232,0,0
7/3/11,8796.462182,7641.060129,0,0
7/4/11,8774.884875,7586.88979,0,0
7/5/11,8753.682349,7534.039215,0,0
7/6/11,8732.854602,7482.508403,0,0
7/7/11,8712.401636,7432.297353,0,0
7/8/11,8692.32345,7383.406067,0,0
7/9/11,8672.620046,7335.834544,0,0
7/10/11,8653.29142,7289.582784,0,0
7/11/11,8634.337576,7244.650787,0,0
7/12/11,8615.758512,7201.038553,0,0
7/13/11,8597.554227,7158.746083,0,0
7/14/11,8579.724725,7117.773375,0,0
7/15/11,8562.270001,7078.120431,0,0
7/16/11,8545.190057,7039.78725,0,0
7/17/11,8528.484894,7002.773831,0,0
7/18/11,8512.154513,6967.080176,0,0
7/19/11,8496.198909,6932.706284,0,0
7/20/11,8480.618089,6899.652156,0,0
7/21/11,8465.412048,6867.91779,0,0
7/22/11,8450.580785,6837.503187,0,0
7/23/11,8436.124306,6808.408348,0,0
7/24/11,8422.042604,6780.633271,0,0
7/25/11,8408.335684,6754.177959,0,0
7/26/11,8395.003544,6729.042408,0,0
7/27/11,8382.046186,6705.226621,0,0
7/28/11,8369.463607,6682.730598,0,0
7/29/11,8357.255807,6661.554337,0,0
7/30/11,8345.422788,6641.697839,0,0
7/31/11,8333.96455,6623.161105,0,0
8/1/11,8322.820956,6606.099118,0,0
8/2/11,8311.631183,6591.441786,0,0
8/3/11,8300.335094,6579.344091,0,0
8/4/11,8288.932691,6569.806035,0,0
8/5/11,8277.423972,6562.827618,0,0
8/6/11,8265.808937,6558.408839,0,0
8/7/11,8254.087587,6556.549699,0,0
8/8/11,8242.259923,6557.250197,0,0
8/9/11,8230.325941,6560.510334,0,0
8/10/11,8218.285645,6566.330109,0,0
8/11/11,8206.139035,6574.709523,0,0
8/12/11,8193.886108,6585.648575,0,0
8/13/11,8181.526866,6599.147266,0,0
8/14/11,8169.06131,6615.205595,0,0
8/15/11,8156.489437,6633.823563,0,0
8/16/11,8143.811251,6655.001169,0,0
8/17/11,8131.026747,6678.738414,0,0
8/18/11,8118.135928,6705.035297,0,0
8/19/11,8105.138794,6733.89182,0,0
8/20/11,8092.035345,6765.30798,0,0
8/21/11,8078.825582,6799.283779,0,0
8/22/11,8065.509502,6835.819216,0,0
8/23/11,8052.087105,6874.914291,0,0
8/24/11,8038.558396,6916.569006,0,0
8/25/11,8024.92337,6960.783359,0,0
8/26/11,8011.182029,7007.55735,0,0
8/27/11,7997.334373,7056.890981,0,0
8/28/11,7983.380401,7108.784249,0,0
8/29/11,7969.320114,7163.237156,0,0
8/30/11,7955.153512,7220.249701,0,0
8/31/11,7940.880595,7279.821885,0,0
9/1/11,7926.597008,7341.240816,0,0
9/2/11,7912.87664,7400.229145,0,0
9/3/11,7899.815133,7456.073982,0,0
9/4/11,7887.412491,7508.775326,0,0
9/5/11,7875.668712,7558.333177,0,0
9/6/11,7864.583795,7604.747536,0,0
9/7/11,7854.157743,7648.018402,0,0
9/8/11,7844.390553,7688.145773,0,0
9/9/11,7835.282228,7725.129654,0,0
9/10/11,7826.832766,7758.970041,0,0
9/11/11,7819.042167,7789.666935,0,0
9/12/11,7811.910431,7817.220337,0,0
9/13/11,7805.437558,7841.630245,0,0
9/14/11,7799.623549,7862.89666,0,0
9/15/11,7794.468404,7881.019584,0,0
9/16/11,7789.972121,7895.999014,0,0
9/17/11,7786.134704,7907.834951,0,0
9/18/11,7782.956149,7916.527396,0,0
9/19/11,7780.436458,7922.076347,0,0
9/20/11,7778.575629,7924.481806,0,0
9/21/11,7777.373663,7923.743772,0,0
9/22/11,7776.830561,7919.862246,0,0
9/23/11,7776.946324,7912.837225,0,0
9/24/11,7777.72095,7902.668713,0,0
9/25/11,7779.154437,7889.356708,0,0
9/26/11,7781.24679,7872.901209,0,0
9/27/11,7783.998005,7853.302219,0,0
9/28/11,7787.408082,7830.559735,0,0
9/29/11,7791.477025,7804.673759,0,0
9/30/11,7796.204831,7775.644289,0,0
10/1/11,7801.671212,7744.024532,0,0
10/2/11,7808.354438,7713.133724,0,0
10/3/11,7816.33422,7683.525068,0,0
10/4/11,7825.610559,7655.198565,0,0
10/5/11,7836.183456,7628.154216,0,0
10/6/11,7848.052909,7602.39202,0,0
10/7/11,7861.218918,7577.911977,0,0
10/8/11,7875.681485,7554.714087,0,0
10/9/11,7891.440607,7532.798351,0,0
10/10/11,7908.496288,7512.164767,0,0
10/11/11,7926.848525,7492.813337,0,0
10/12/11,7946.497318,7474.74406,0,0
10/13/11,7967.442669,7457.956936,0,0
10/14/11,7989.684575,7442.451967,0,0
10/15/11,8013.223039,7428.229149,0,0
10/16/11,8038.058059,7415.288485,0,0
10/17/11,8064.189637,7403.629973,0,0
10/18/11,8091.617771,7393.253616,0,0
10/19/11,8120.342463,7384.159412,0,0
10/20/11,8150.36371,7376.34736,0,0
10/21/11,8181.681516,7369.817463,0,0
10/22/11,8214.295876,7364.569717,0,0
10/23/11,8248.206795,7360.604126,0,0
10/24/11,8283.41427,7357.920687,0,0
10/25/11,8319.918302,7356.519402,0,0
10/26/11,8357.71889,7356.40027,0,0
10/27/11,8396.816035,7357.563291,0,0
10/28/11,8437.209737,7360.008466,0,0
10/29/11,8478.899997,7363.735793,0,0
10/30/11,8521.886813,7368.745274,0,0
10/31/11,8566.170185,7375.036908,0,0
11/1/11,8611.461682,7382.74074,0,0
11/2/11,8656.030715,7392.637039,0,0
11/3/11,8699.588852,7404.855851,0,0
11/4/11,8742.136092,7419.397174,0,0
11/5/11,8783.672436,7436.261011,0,0
11/6/11,8824.197882,7455.447359,0,0
11/7/11,8863.712434,7476.95622,0,0
11/8/11,8902.216087,7500.787592,0,0
11/9/11,8939.708847,7526.941477,0,0
11/10/11,8976.190708,7555.417874,0,0
11/11/11,9011.661673,7586.216784,0,0
11/12/11,9046.121741,7619.338205,0,0
11/13/11,9079.570915,7654.782138,0,0
11/14/11,9112.00919,7692.548585,0,0
11/15/11,9143.43657,7732.637542,0,0
11/16/11,9173.853051,7775.049013,0,0
11/17/11,9203.258638,7819.782996,0,0
11/18/11,9231.65333,7866.83949,0,0
11/19/11,9259.037123,7916.218497,0,0
11/20/11,9285.41002,7967.920016,0,0
11/21/11,9310.772022,8021.944048,0,0
11/22/11,9335.123126,8078.290591,0,0
11/23/11,9358.463335,8136.959647,0,0
11/24/11,9380.792646,8197.951214,0,0
11/25/11,9402.111063,8261.265295,0,0
11/26/11,9422.418582,8326.901887,0,0
11/27/11,9441.715205,8394.860992,0,0
11/28/11,9460.000932,8465.142608,0,0
11/29/11,9477.275761,8537.746737,0,0
11/30/11,9493.539694,8612.673379,0,0
12/1/11,9508.697779,8688.863154,0,0
12/2/11,9522.180311,8759.959791,0,0
12/3/11,9533.892336,8824.903914,0,0
12/4/11,9543.833853,8883.69552,0,0
12/5/11,9552.004865,8936.334611,0,0
12/6/11,9558.405372,8982.821187,0,0
12/7/11,9563.035371,9023.155247,0,0
12/8/11,9565.894865,9057.336792,0,0
12/9/11,9566.983853,9085.365821,0,0
12/10/11,9566.302332,9107.242334,0,0
12/11/11,9563.850309,9122.966333,0,0
12/12/11,9559.627777,9132.537815,0,0
12/13/11,9553.634738,9135.956782,0,0
12/14/11,9545.871195,9133.223233,0,0
12/15/11,9536.337145,9124.337169,0,0
12/16/11,9525.032589,9109.298589,0,0
12/17/11,9511.957526,9088.107494,0,0
12/18/11,9497.111959,9060.763884,0,0
12/19/11,9480.495884,9027.267757,0,0
12/20/11,9462.109302,8987.619115,0,0
12/21/11,9441.952215,8941.817958,0,0
12/22/11,9420.024622,8889.864285,0,0
12/23/11,9396.326521,8831.758096,0,0
12/24/11,9370.857915,8767.499392,0,0
12/25/11,9343.618803,8697.088172,0,0
12/26/11,9314.609184,8620.524437,0,0
12/27/11,9283.829061,8537.808186,0,0
12/28/11,9251.27843,8448.939421,0,0
12/29/11,9216.957292,8353.918139,0,0
12/30/11,9180.865649,8252.744341,0,0
12/31/11,9143.003499,8145.418028,0,0
1/1/12,9103.859618,8033.157528,0,0
1/2/12,9066.366655,7923.272806,0,0
1/3/12,9031.013386,7816.982191,0,0
1/4/12,8997.799811,7714.285683,0,0
1/5/12,8966.725926,7615.183283,0,0
1/6/12,8937.791737,7519.674988,0,0
1/7/12,8910.997239,7427.760801,0,0
1/8/12,8886.342436,7339.44072,0,0
1/9/12,8863.827326,7254.714746,0,0
1/10/12,8843.451909,7173.582879,0,0
1/11/12,8825.216185,7096.045119,0,0
1/12/12,8809.120154,7022.101466,0,0
1/13/12,8795.163816,6951.751919,0,0
1/14/12,8783.347172,6884.99648,0,0
1/15/12,8773.67022,6821.835147,0,0
1/16/12,8766.132963,6762.26792,0,0
1/17/12,8760.735397,6706.294802,0,0
1/18/12,8757.477525,6653.915789,0,0
1/19/12,8756.359347,6605.130884,0,0
1/20/12,8757.380862,6559.940085,0,0
1/21/12,8760.542069,6518.343393,0,0
1/22/12,8765.84297,6480.340807,0,0
1/23/12,8773.283564,6445.932329,0,0
1/24/12,8782.863852,6415.117958,0,0
1/25/12,8794.583832,6387.897693,0,0
1/26/12,8808.443505,6364.271535,0,0
1/27/12,8824.442872,6344.239484,0,0
1/28/12,8842.581933,6327.80154,0,0
1/29/12,8862.860686,6314.957703,0,0
1/30/12,8885.279131,6305.707973,0,0
1/31/12,8909.83727,6300.052349,0,0
2/1/12,8936.185662,6297.691593,0,0
2/2/12,8962.227658,6296.830269,0,0
2/3/12,8987.613817,6297.169139,0,0
2/4/12,9012.344139,6298.708201,0,0
2/5/12,9036.418625,6301.447456,0,0
2/6/12,9059.837273,6305.386905,0,0
2/7/12,9082.600083,6310.526546,0,0
2/8/12,9104.707057,6316.866379,0,0
2/9/12,9126.158195,6324.406407,0,0
2/10/12,9146.953497,6333.146627,0,0
2/11/12,9167.09296,6343.08704,0,0
2/12/12,9186.576585,6354.227647,0,0
2/13/12,9205.404376,6366.568446,0,0
2/14/12,9223.57633,6380.109438,0,0
2/15/12,9241.092444,6394.850624,0,0
2/16/12,9257.952725,6410.792003,0,0
2/17/12,9274.157166,6427.933574,0,0
2/18/12,9289.705772,6446.275338,0,0
2/19/12,9304.598541,6465.817295,0,0
2/20/12,9318.835472,6486.559446,0,0
2/21/12,9332.416565,6508.501789,0,0
2/22/12,9345.341824,6531.644326,0,0
2/23/12,9357.611246,6555.987055,0,0
2/24/12,9369.224829,6581.529978,0,0
2/25/12,9380.182576,6608.273094,0,0
2/26/12,9390.484487,6636.216402,0,0
2/27/12,9400.130559,6665.359904,0,0
2/28/12,9409.120796,6695.703598,0,0
2/29/12,9417.455195,6727.247486,0,0
3/1/12,9424.936461,6759.373611,0,0
3/2/12,9430.380795,6788.374243,0,0
3/3/12,9433.590902,6813.631426,0,0
3/4/12,9434.566782,6835.145161,0,0
3/5/12,9433.308436,6852.915447,0,0
3/6/12,9429.815863,6866.942284,0,0
3/7/12,9424.089061,6877.225672,0,0
3/8/12,9416.128033,6883.765612,0,0
3/9/12,9405.932776,6886.562104,0,0
3/10/12,9393.503294,6885.615146,0,0
3/11/12,9378.839583,6880.92474,0,0
3/12/12,9361.941645,6872.490885,0,0
3/13/12,9342.80948,6860.313582,0,0
3/14/12,9321.443089,6844.39283,0,0
3/15/12,9297.842468,6824.728629,0,0
3/16/12,9272.007621,6801.320979,0,0
3/17/12,9243.938547,6774.169881,0,0
3/18/12,9213.635245,6743.275334,0,0
3/19/12,9181.097716,6708.637338,0,0
3/20/12,9146.325959,6670.255894,0,0
3/21/12,9109.319977,6628.131002,0,0
3/22/12,9070.079767,6582.26266,0,0
3/23/12,9028.605328,6532.65087,0,0
3/24/12,8984.896662,6479.295632,0,0
3/25/12,8938.95377,6422.196943,0,0
3/26/12,8890.776651,6361.354807,0,0
3/27/12,8840.365303,6296.769223,0,0
3/28/12,8787.719729,6228.440189,0,0
3/29/12,8732.839925,6156.367707,0,0
3/30/12,8675.725897,6080.551775,0,0
3/31/12,8616.37764,6000.992396,0,0
4/1/12,8555.314419,5918.655721,0,0
4/2/12,8495.651819,5839.338664,0,0
4/3/12,8437.909101,5764.007379,0,0
4/4/12,8382.086263,5692.661864,0,0
4/5/12,8328.18331,5625.302122,0,0
4/6/12,8276.200241,5561.928151,0,0
4/7/12,8226.137052,5502.539951,0,0
4/8/12,8177.993746,5447.137524,0,0
4/9/12,8131.770325,5395.720867,0,0
4/10/12,8087.466783,5348.289982,0,0
4/11/12,8045.083126,5304.844868,0,0
4/12/12,8004.619351,5265.385526,0,0
4/13/12,7966.075459,5229.911955,0,0
4/14/12,7929.45145,5198.424156,0,0
4/15/12,7894.747322,5170.922128,0,0
4/16/12,7861.963078,5147.405871,0,0
4/17/12,7831.098717,5127.875386,0,0
4/18/12,7802.154238,5112.330672,0,0
4/19/12,7775.129641,5100.77173,0,0
4/20/12,7750.024927,5093.198559,0,0
4/21/12,7726.840095,5089.61116,0,0
4/22/12,7705.575148,5090.009532,0,0
4/23/12,7686.230082,5094.393676,0,0
4/24/12,7668.804898,5102.763592,0,0
4/25/12,7653.299599,5115.119277,0,0
4/26/12,7639.71418,5131.460736,0,0
4/27/12,7628.048644,5151.787965,0,0
4/28/12,7618.302992,5176.100966,0,0
4/29/12,7610.477222,5204.399739,0,0
4/30/12,7604.571335,5236.684282,0,0
5/1/12,7600.288825,5272.292316,0,0
5/2/12,7595.850668,5307.250149,0,0
5/3/12,7590.960358,5340.895501,0,0
5/4/12,7585.617894,5373.22837,0,0
5/5/12,7579.823278,5404.248758,0,0
5/6/12,7573.576509,5433.956663,0,0
5/7/12,7566.877587,5462.352087,0,0
5/8/12,7559.726513,5489.435029,0,0
5/9/12,7552.123285,5515.205488,0,0
5/10/12,7544.067906,5539.663465,0,0
5/11/12,7535.560373,5562.808962,0,0
5/12/12,7526.600687,5584.641976,0,0
5/13/12,7517.188848,5605.162508,0,0
5/14/12,7507.324858,5624.370558,0,0
5/15/12,7497.008713,5642.266126,0,0
5/16/12,7486.240417,5658.849212,0,0
5/17/12,7475.019967,5674.119817,0,0
5/18/12,7463.347364,5688.077939,0,0
5/19/12,7451.222608,5700.72358,0,0
5/20/12,7438.6457,5712.056738,0,0
5/21/12,7425.616641,5722.077415,0,0
5/22/12,7412.135426,5730.78561,0,0
5/23/12,7398.202059,5738.181323,0,0
5/24/12,7383.816539,5744.264554,0,0
5/25/12,7368.978868,5749.035302,0,0
5/26/12,7353.689043,5752.49357,0,0
5/27/12,7337.947064,5754.639355,0,0
5/28/12,7321.752934,5755.472658,0,0
5/29/12,7305.106652,5754.99348,0,0
5/30/12,7288.008215,5753.201818,0,0
5/31/12,7270.457625,5750.097676,0,0
6/1/12,7252.534737,5745.621216,0,0
6/2/12,7234.718671,5739.413422,0,0
6/3/12,7217.089279,5731.41446,0,0
6/4/12,7199.646562,5721.624328,0,0
6/5/12,7182.390521,5710.043028,0,0
6/6/12,7165.321153,5696.670558,0,0
6/7/12,7148.438462,5681.506918,0,0
6/8/12,7131.742447,5664.552111,0,0
6/9/12,7115.233105,5645.806134,0,0
6/10/12,7098.910439,5625.268989,0,0
6/11/12,7082.774447,5602.940673,0,0
6/12/12,7066.825132,5578.821189,0,0
6/13/12,7051.062489,5552.910537,0,0
6/14/12,7035.486523,5525.208715,0,0
6/15/12,7020.097234,5495.715724,0,0
6/16/12,7004.894617,5464.431564,0,0
6/17/12,6989.878676,5431.356235,0,0
6/18/12,6975.049409,5396.489737,0,0
6/19/12,6960.406819,5359.83207,0,0
6/20/12,6945.950903,5321.383234,0,0
6/21/12,6931.681663,5281.143229,0,0
6/22/12,6917.599097,5239.112055,0,0
6/23/12,6903.703208,5195.289711,0,0
6/24/12,6889.993992,5149.676199,0,0
6/25/12,6876.471451,5102.271517,0,0
6/26/12,6863.135584,5053.075667,0,0
6/27/12,6849.986396,5002.088648,0,0
6/28/12,6837.023881,4949.310459,0,0
6/29/12,6824.24804,4894.741102,0,0
6/30/12,6811.658875,4838.380575,0,0
7/1/12,6799.248407,4780.750904,0,0
7/2/12,6786.968769,4724.984228,0,0
7/3/12,6774.811983,4671.602572,0,0
7/4/12,6762.77805,4620.605935,0,0
7/5/12,6750.866969,4571.994318,0,0
7/6/12,6739.078739,4525.767721,0,0
7/7/12,6727.413362,4481.926143,0,0
7/8/12,6715.870837,4440.469585,0,0
7/9/12,6704.451164,4401.398047,0,0
7/10/12,6693.154342,4364.711528,0,0
7/11/12,6681.980373,4330.410028,0,0
7/12/12,6670.929257,4298.493549,0,0
7/13/12,6660.000994,4268.962089,0,0
7/14/12,6649.19558,4241.815649,0,0
7/15/12,6638.51302,4217.054229,0,0
7/16/12,6627.953312,4194.677827,0,0
7/17/12,6617.516457,4174.686446,0,0
7/18/12,6607.202452,4157.080084,0,0
7/19/12,6597.011299,4141.858742,0,0
7/20/12,6586.943001,4129.02242,0,0
7/21/12,6576.997555,4118.571118,0,0
7/22/12,6567.174958,4110.504834,0,0
7/23/12,6557.475215,4104.823571,0,0
7/24/12,6547.898324,4101.527327,0,0
7/25/12,6538.444286,4100.616102,0,0
7/26/12,6529.113099,4102.089898,0,0
7/27/12,6519.904763,4105.948713,0,0
7/28/12,6510.819281,4112.192548,0,0
7/29/12,6501.85665,4120.821402,0,0
7/30/12,6493.016873,4131.835275,0,0
7/31/12,6484.299946,4145.234169,0,0
8/1/12,6475.731717,4160.61031,0,0
8/2/12,6467.467246,4175.517067,0,0
8/3/12,6459.532377,4189.546666,0,0
8/4/12,6451.927112,4202.699108,0,0
8/5/12,6444.65145,4214.974394,0,0
8/6/12,6437.705391,4226.372523,0,0
8/7/12,6431.088936,4236.893494,0,0
8/8/12,6424.80208,4246.537309,0,0
8/9/12,6418.844831,4255.303967,0,0
8/10/12,6413.217183,4263.193468,0,0
8/11/12,6407.919139,4270.205812,0,0
8/12/12,6402.950698,4276.341,0,0
8/13/12,6398.311858,4281.59903,0,0
8/14/12,6394.002622,4285.979903,0,0
8/15/12,6390.02299,4289.483619,0,0
8/16/12,6386.372962,4292.110179,0,0
8/17/12,6383.052534,4293.859582,0,0
8/18/12,6380.061712,4294.731827,0,0
8/19/12,6377.400488,4294.726917,0,0
8/20/12,6375.068871,4293.844849,0,0
8/21/12,6373.066855,4292.085624,0,0
8/22/12,6371.394444,4289.449243,0,0
8/23/12,6370.051636,4285.935703,0,0
8/24/12,6369.038429,4281.545008,0,0
8/25/12,6368.354826,4276.277156,0,0
8/26/12,6368.000826,4270.132146,0,0
8/27/12,6367.976428,4263.10998,0,0
8/28/12,6368.281633,4255.210656,0,0
8/29/12,6368.916444,4246.434176,0,0
8/30/12,6369.880853,4236.780539,0,0
8/31/12,6371.174868,4226.249745,0,0
9/1/12,6372.595488,4215.076291,0,0
9/2/12,6372.924719,4204.667156,0,0
9/3/12,6371.959564,4195.256839,0,0
9/4/12,6369.700022,4186.845337,0,0
9/5/12,6366.146094,4179.432652,0,0
9/6/12,6361.297778,4173.018784,0,0
9/7/12,6355.155077,4167.603731,0,0
9/8/12,6347.717991,4163.187496,0,0
9/9/12,6338.986514,4159.770076,0,0
9/10/12,6328.960654,4157.351473,0,0
9/11/12,6317.640407,4155.931687,0,0
9/12/12,6305.025774,4155.510716,0,0
9/13/12,6291.116754,4156.088563,0,0
9/14/12,6275.913348,4157.665226,0,0
9/15/12,6259.415557,4160.240705,0,0
9/16/12,6241.623376,4163.815001,0,0
9/17/12,6222.536811,4168.388114,0,0
9/18/12,6202.155858,4173.960041,0,0
9/19/12,6180.480519,4180.530787,0,0
9/20/12,6157.510794,4188.100349,0,0
9/21/12,6133.246682,4196.668726,0,0
9/22/12,6107.688184,4206.235921,0,0
9/23/12,6080.8353,4216.801931,0,0
9/24/12,6052.688029,4228.366758,0,0
9/25/12,6023.246372,4240.930402,0,0
9/26/12,5992.510329,4254.492862,0,0
9/27/12,5960.479897,4269.054139,0,0
9/28/12,5927.155082,4284.614232,0,0
9/29/12,5892.535878,4301.173141,0,0
9/30/12,5856.622287,4318.730867,0,0
10/1/12,5820.082921,4337.296063,0,0
10/2/12,5786.929431,4356.920654,0,0
10/3/12,5757.830425,4377.613293,0,0
10/4/12,5732.785906,4399.373981,0,0
10/5/12,5711.79587,4422.202718,0,0
10/6/12,5694.860321,4446.099502,0,0
10/7/12,5681.979256,4471.064336,0,0
10/8/12,5673.152678,4497.097219,0,0
10/9/12,5668.380583,4524.19815,0,0
10/10/12,5667.662974,4552.367129,0,0
10/11/12,5670.999851,4581.604157,0,0
10/12/12,5678.391213,4611.909233,0,0
10/13/12,5689.837061,4643.282358,0,0
10/14/12,5705.337394,4675.723532,0,0
10/15/12,5724.892211,4709.232755,0,0
10/16/12,5748.501515,4743.810025,0,0
10/17/12,5776.165304,4779.455344,0,0
10/18/12,5807.883576,4816.168712,0,0
10/19/12,5843.656336,4853.950129,0,0
10/20/12,5883.48358,4892.799594,0,0
10/21/12,5927.365311,4932.717108,0,0
10/22/12,5975.301524,4973.70267,0,0
10/23/12,6027.292226,5015.756281,0,0
10/24/12,6083.337412,5058.87794,0,0
10/25/12,6143.437081,5103.067648,0,0
10/26/12,6207.591239,5148.325404,0,0
10/27/12,6275.79988,5194.651209,0,0
10/28/12,6348.063006,5242.045063,0,0
10/29/12,6424.380619,5290.506966,0,0
10/30/12,6504.752716,5340.036916,0,0
10/31/12,6589.179298,5390.634915,0,0
11/1/12,6676.623081,5441.884683,0,0
11/2/12,6760.86036,5491.288538,0,0
11/3/12,6840.85385,5538.4302,0,0
11/4/12,6916.60355,5583.309671,0,0
11/5/12,6988.109461,5625.926947,0,0
11/6/12,7055.37158,5666.282032,0,0
11/7/12,7118.389913,5704.374924,0,0
11/8/12,7177.164455,5740.205622,0,0
11/9/12,7231.69521,5773.774128,0,0
11/10/12,7281.982173,5805.080442,0,0
11/11/12,7328.025348,5834.124562,0,0
11/12/12,7369.824733,5860.90649,0,0
11/13/12,7407.380329,5885.426225,0,0
11/14/12,7440.692135,5907.683767,0,0
11/15/12,7469.760152,5927.679117,0,0
11/16/12,7494.584381,5945.412274,0,0
11/17/12,7515.16482,5960.883238,0,0
11/18/12,7531.50147,5974.09201,0,0
11/19/12,7543.594329,5985.038589,0,0
11/20/12,7551.443401,5993.722974,0,0
11/21/12,7555.048681,6000.145168,0,0
11/22/12,7554.410174,6004.305168,0,0
11/23/12,7549.527877,6006.202976,0,0
11/24/12,7540.40179,6005.838591,0,0
11/25/12,7527.031915,6003.212014,0,0
11/26/12,7509.418249,5998.323243,0,0
11/27/12,7487.560794,5991.172279,0,0
11/28/12,7461.459552,5981.759124,0,0
11/29/12,7431.114518,5970.083775,0,0
11/30/12,7396.525696,5956.146234,0,0
12/1/12,7358.499289,5940.398019,0,0
12/2/12,7321.872541,5925.548239,0,0
12/3/12,7287.451651,5912.048415,0,0
12/4/12,7255.236622,5899.898544,0,0
12/5/12,7225.227456,5889.09863,0,0
12/6/12,7197.424149,5879.64867,0,0
12/7/12,7171.826706,5871.548665,0,0
12/8/12,7148.435123,5864.798613,0,0
12/9/12,7127.2494,5859.398518,0,0
12/10/12,7108.26954,5855.348377,0,0
12/11/12,7091.495541,5852.648191,0,0
12/12/12,7076.927403,5851.29796,0,0
12/13/12,7064.565127,5851.297683,0,0
12/14/12,7054.408711,5852.647361,0,0
12/15/12,7046.458158,5855.346994,0,0
12/16/12,7040.713464,5859.396582,0,0
12/17/12,7037.174633,5864.796126,0,0
12/18/12,7035.841663,5871.545623,0,0
12/19/12,7036.714553,5879.645075,0,0
12/20/12,7039.793304,5889.094482,0,0
12/21/12,7045.077918,5899.893843,0,0
12/22/12,7052.568392,5912.04316,0,0
12/23/12,7062.264728,5925.542431,0,0
12/24/12,7074.166925,5940.391658,0,0
12/25/12,7088.274984,5956.590839,0,0
12/26/12,7104.588904,5974.139975,0,0
12/27/12,7123.108684,5993.039065,0,0
12/28/12,7143.834326,6013.288111,0,0
12/29/12,7166.76583,6034.88711,0,0
12/30/12,7191.903194,6057.836066,0,0
12/31/12,7219.24642,6082.134976,0,0